pl_name,pl_bmasse,pl_rade,pl_eqt,st_teff,sy_dist
Kepler-1167 b,3.57,1.71,1419.0,4971.0,820.905
Kepler-1740 b,11.0,3.32321414,858.0,5705.0,1061.77
Kepler-1581 b,0.437,0.8,1108.0,6022.0,493.175
Kepler-644 b,10.1,3.15,1655.0,6747.0,1318.05
Kepler-1752 b,18.7,4.54060463,419.0,5446.0,962.888
Kepler-280 c,4.7,2.01,1088.0,5744.0,780.361
Kepler-1208 b,5.99,2.32,665.0,5001.0,825.176
Kepler-263 c,6.66,2.47,386.0,5265.0,754.747
Kepler-1101 b,6.66,2.47,393.0,5614.0,742.473
HD 168746 b,85.8141,11.1,900.0,5570.0,41.5681
TOI-2406 b,15.6,2.86,449.0,3100.0,55.419
HD 18599 b,24.1,2.6,863.0,5145.0,38.5653
Kepler-560 b,3.61,1.72,298.0,3556.0,109.308
Kepler-150 d,8.2,2.79,734.0,5560.0,891.092
Kepler-498 b,9.43,3.03,931.0,5744.0,938.844
Kepler-817 b,60.2,9.03,1124.0,5861.0,1484.46
Kepler-937 b,13.4,3.72,495.0,6095.0,1571.46
K2-10 b,25.2,3.773,649.0,5533.0,272.36
Kepler-571 b,7.46,2.64,978.0,5527.0,723.875
Kepler-1458 b,8.05,2.76,493.0,5653.0,544.45
Kepler-1600 c,4.43,1.94206512,786.0,5119.0,1030.81
Kepler-221 d,3.61,2.73,712.0,5243.0,385.231
Kepler-626 b,5.86,2.29,784.0,5813.0,635.643
Kepler-1549 b,7.13,2.57,286.0,5324.0,803.052
K2-62 c,4.62,1.99,495.0,4455.0,112.467
Kepler-1149 b,2.67,1.44,1128.0,5833.0,1217.73
Kepler-1288 b,1.46,1.12,2017.0,6132.0,814.078
Kepler-128 b,3.79,1.421,968.0,6072.0,396.379
Kepler-1245 b,2.67,1.44,1043.0,5306.0,805.936
Kepler-1068 b,12.8,3.63,702.0,5806.0,1473.61
Kepler-150 e,9.91,3.12,544.0,5560.0,891.092
Kepler-272 c,97.8,1.79,947.0,5297.0,889.608
Kepler-152 c,6.3,2.39,326.0,5088.0,441.09
Kepler-1506 b,2.3,1.32,783.0,5676.0,2366.02
CoRoT-3 b,6883.91,11.32,1695.0,6740.0,768.771
HD 205739 b,435.41,13.6,,6176.0,92.5087
HD 224693 b,222.481,14.0,,5894.0,93.5015
HD 16417 b,22.1,5.0,,5841.0,25.3936
HD 19994 b,435.41,13.6,,6188.0,22.5242
GJ 179 b,301.93698665,13.8,,3370.0,12.356
GQ Lup b,6356.0,33.6,2650.0,4360.0,151.169
HD 37605 b,854.9627,13.2,,5329.0,46.7864
HD 33283 b,104.56607,12.5,,5935.0,89.8623
HD 9446 b,222.472,14.0,,5793.0,50.3503
HD 134987 c,260.0,13.9,,5585.0,26.1804
HD 110014 b,3524.59,12.4,,4445.0,100.758
HD 79498 b,425.8922,13.6,,5748.0,48.9489
HD 45652 b,137.62039,14.3,,5294.0,34.8541
HIP 79431 b,667.415,13.4,,3191.0,14.5324
GJ 876 b,723.2235,13.3,,3293.74,4.67517
HD 86226 b,143.0235,14.3,176.0,5863.0,45.683
HD 47186 c,111.42,13.0,,5657.0,37.4574
HD 148156 b,270.144,13.9,,6308.0,57.1289
HD 86226 c,7.25,2.16,1311.0,5863.0,45.683
HIP 14810 c,416.3573,13.6,,5544.0,50.48
HIP 14810 b,1239.537,13.0,,5544.0,50.48
GJ 876 d,6.83,2.51,,3293.74,4.67517
GJ 876 e,14.6,3.92,,3293.74,4.67517
gam1 Leo b,2790.43,12.5,,4330.0,39.8883
HD 156411 b,235.18,14.0,,5900.0,56.8655
HD 8535 b,216.1244,14.0,,6136.0,55.4401
HD 37605 c,1013.8777,13.1,,5329.0,46.7864
HD 1605 c,1150.5446,13.0,,4915.0,88.8047
BD+20 2457 b,6807.63,12.1,,4137.0,1539.71
HD 240210 b,1655.82,12.8,,4297.0,372.405
CoRoT-17 b,772.29,11.43,1626.0,5740.0,1176.12
HD 132563 b,473.547,13.6,,6289.0,105.155
HD 55696 b,1357.12729789,12.9,,6012.0,77.9693
HD 148164 b,390.9309,13.7,,6032.0,77.1971
24 Sex c,273.32,13.9,,5098.0,72.0691
HD 22781 b,4338.2,12.3,,5027.0,32.6034
HD 148164 c,1640.0028,12.8,,6032.0,77.1971
HD 90156 b,17.98,4.43,,5599.0,21.9496
HD 45350 b,568.89,13.5,,5566.0,46.8733
MOA-2009-BLG-266L b,10.4,3.21,,,3040.0
Kepler-595 c,3.3,1.009,679.0,5138.5,643.009
Kepler-595 b,17.4,3.708,535.0,5138.5,643.009
HD 177830 c,47.6725,7.87,,4949.0,62.7674
OGLE-TR-111 b,174.799,11.421971,1019.0,5040.0,1068.33
PSR B1257+12 b,0.02,0.338,,,600.0
PSR B1257+12 d,3.9,1.8,,,600.0
HD 21749 c,3.7,0.892,701.0,4640.0,16.32
CoRoT-18 b,1102.82,14.68,1550.0,5440.0,764.889
Kepler-45 b,160.497,10.76,1000.0,3820.0,381.949
WASP-23 b,280.95,10.783,1076.55,5150.0,207.49
HD 107148 b,66.741,9.6,,5797.0,49.4156
SWEEPS-11 b,3082.82,12.666,,,8500.0
OGLE-TR-211 b,327.351,15.244,1686.0,6325.0,1515.26
Lupus-TR-3 b,257.431,9.976,,5000.0,773.409
OGLE-2005-BLG-390L b,5.5,2.21,50.0,,6600.0
HN Peg b,6991.57,11.7768,,6186.0,18.1186
MOA-2009-BLG-387L b,830.0,13.2,,,5690.0
GJ 674 b,11.09,3.33,,3600.0,4.54896
CoRoT-11 b,740.51,16.03,1657.0,6440.0,655.037
2MASS J04414489+2301513 b,2383.6,12.6,,2936.0,120.42398696
GJ 3634 b,8.4,2.83,,3517.0,20.3779
CoRoT-13 b,415.704,9.92,1700.0,5945.0,1148.93
OGLE-TR-10 b,197.046,14.011,1702.0,5950.0,1344.97
HD 27442 b,495.8,13.5,,4846.0,18.2704
GJ 3021 b,1071.04,13.1,350.0,5540.0,17.5559
CoRoT-8 b,69.92,6.39,870.0,5080.0,322.037
Kepler-18 c,17.3,5.49,899.0,5345.0,433.047
Kepler-18 b,6.9,2.0,1165.0,5345.0,433.047
HD 46375 b,71.8,10.0,,5285.0,29.5529
HD 221287 b,982.05,13.1,,6304.0,55.9231
HD 33564 b,2892.1,12.5,,6250.0,20.9531
HD 189733 b,359.1479,12.66617,1209.0,5052.0,19.7638
Kepler-4 b,24.472,4.002,1650.0,5857.0,487.916
WASP-38 b,1093.3352,13.78707,1250.0,6180.0,136.24
Kepler-30 c,640.0,12.3,411.0,5498.0,914.221
HAT-P-41 b,378.2177,22.97845,1941.0,6390.0,348.185
HIP 41378 b,9.06,2.419,970.67,6371.0,106.289
HIP 41378 c,6.53,2.505,765.87,6371.0,106.289
HIP 41378 d,4.6,3.54,367.0,6320.0,106.289
HIP 41378 e,12.0,4.92,335.0,6320.0,106.289
HIP 41378 f,12.0,9.2,294.0,6226.0,106.289
HD 106315 b,12.6,2.44,1153.0,6327.0,109.353
HD 106315 c,15.2,4.35,886.0,6327.0,109.353
LTT 1445 A b,2.73,1.34,431.0,3562.0,6.86929
LTT 1445 A c,1.54,1.147,508.0,3340.0,6.86929
HIP 41378 g,6.81,2.5,605.0,6371.0,106.289
Kepler-18 d,16.4,6.98,720.0,5345.0,433.047
HAT-P-37 b,371.528,13.204,1271.0,5500.0,390.594
HD 129445 b,797.74930157,13.3,,5646.0,67.4386
Kepler-419 c,2320.1,12.6,,6430.0,1011.36
HD 70573 b,1900.0,12.8,,5737.0,59.182
HD 47536 b,2330.0,12.6,,4380.0,122.536
WASP-67 b,136.6669,12.89035,1003.0,5200.0,189.469
CoRoT-14 b,2415.4,12.22,1952.0,6035.0,1744.6
MOA-2008-BLG-310L b,23.4,5.18,,,7700.0
Kepler-419 b,794.5,10.8,613.0,6430.0,1011.36
WASP-43 b,565.714,10.424,1426.7,4400.0,86.7467
HD 11964 c,25.0,5.38,,5303.0,33.5369
CoRoT-6 b,940.74,13.068,1017.0,6090.0,645.294
WASP-31 b,151.916,17.363,1423.7,6302.0,383.829
HD 108236 f,4.72,2.017,,5660.0,64.5978
Kepler-59 c,3.81,1.98,752.0,6074.0,1163.22
WASP-8 c,3003.37,12.5,,5690.0,89.9606
HD 154857 c,819.97,13.2,,5605.0,63.4482
KOI-217 b,,12.442,1046.0,5545.0,914.699
Kepler-416 b,58.2,2.48,986.0,5718.0,690.819
Kepler-37 e,8.1,0.37,401.0,5288.0,63.9207
HAT-P-22 b,785.0401,12.89035,1463.0,5302.0,81.7647
CHXR 73 b,3994.486,12.3,,3099.0,190.374
FU Tau b,5085.28,12.2,2375.0,2838.0,133.4950466
GJ 667 C b,5.68,2.25,,3350.0,7.24396
HD 187123 b,166.218,14.2,,5790.0,45.9548
HAT-P-18 b,62.61,11.153,852.0,4803.0,161.4
Kepler-59 b,4.1,1.1,864.0,6074.0,1163.22
Kepler-53 b,111.0,2.89,701.0,5858.0,1366.07
HD 82943 c,622.603,13.4,,5935.0,27.5902
HD 82943 b,534.25,13.5,,5935.0,27.5902
UZ For b,2002.2,,,5286.9,239.60387482
Kepler-69 b,5.65,2.24,779.0,5638.0,730.625
HIP 5158 c,4780.1632,12.2,,4813.0,51.6026
HU Aqr AB b,1875.197,12.8,,5952.0,192.19807871
Kepler-58 c,53.0,2.86,799.0,5843.0,969.252
Kepler-30 b,11.3,3.9,524.0,5498.0,914.221
Kepler-65 d,4.14,1.52,1117.0,6211.0,303.728
Kepler-52 c,45.4,1.84,433.0,4075.0,321.542
Kepler-55 b,43.0,2.43,400.0,4362.0,578.796
UZ For c,2447.2,,,5286.9,239.60387482
Kepler-413 b,67.0,4.347,,4700.0,847.536
WASP-14 b,2809.6172,15.46842,1872.0,6475.0,161.997
HAT-P-2 b,2866.81223114,10.659759,1540.0,6380.0,127.774
HAT-P-42 b,331.801,14.348,1428.0,5743.0,405.238
WASP-59 b,274.276,8.687,670.0,4650.0,115.936
HAT-P-39 b,190.372,17.609,1752.0,6430.0,697.004
alf Ari b,572.07,13.4,,4553.0,20.21019
KOI-55 b,0.44,0.759,,27730.0,1231.02
GJ 536 b,6.37,2.41,451.0,3641.0,10.4092
WTS-2 b,355.9696,15.277867,2000.0,5000.0,1030.76834437
KELT-6 c,1179.1493,13.0,,6272.0,240.726
KOI-55 c,0.655,0.867,,27730.0,1231.02
Ross 458 c,1906.98,14.01125,,3965.42,11.5094
Kepler-38 b,122.0,4.3,475.0,5623.0,1174.59
HAT-P-13 b,270.462,14.258,1740.0,5653.0,246.81
ROXs 42 B b,2860.0,12.5,1975.0,3433.0,143.59
HD 95086 b,1589.0,12.9,1000.0,7595.0,86.2279
RR Cae b,1334.886,13.0,,3904.0,21.1916
Kepler-50 c,8.2,2.17,1125.0,6225.0,250.11
HD 233604 b,2089.644,12.7,,4791.0,847.058
WD 0806-661 b,2542.627256,12.6,340.0,9552.0,19.2444
Kepler-63 b,120.0,6.11,791.0,5576.0,194.033
Kepler-77 b,136.661,10.761,1440.0,5520.0,639.411
HATS-5 b,75.323,10.223,1025.0,5304.0,246.384
HD 10180 d,3295.88058059,,,5911.0,38.9607
WTS-1 b,1274.44,16.7,1500.0,6250.0,2346.01
Kepler-297 c,42.1,6.54,409.0,5619.0,692.14
Kepler-347 b,4.54,1.97,908.0,6088.0,1298.88
CoRoT-26 b,165.26,14.12,1600.0,5590.0,1045.18
CoRoT-25 b,85.81,12.11,1330.0,6040.0,1103.48
Kepler-186 b,1.24,1.07,571.0,3788.0,177.594
91 Aqr b,1017.0,13.1,,4665.0,44.0304
GJ 163 b,10.6,3.25,,3500.0,15.1285
Kepler-27 c,4385.87,4.9,481.0,5400.0,1044.36
Kepler-27 b,2895.31,4.0,610.0,5400.0,1044.36
Kepler-139 c,13.0,3.38,350.0,5594.0,391.038
Kepler-311 c,2.63,1.43,744.0,5905.0,778.654
BD-06 1339 b,1523.03372634,,,4324.0,20.2695
Kepler-186 d,2.54,1.4,379.0,3788.0,177.594
Kepler-11 d,7.3,3.12,653.0,5663.0,646.346
Kepler-11 b,1.9,1.8,849.0,5663.0,646.346
Kepler-31 c,1493.7,5.3,615.0,6340.0,1664.64
Kepler-32 c,158.9,2.0,451.0,3900.0,323.847
Kepler-1735 b,1.84,1.19429134,502.0,3975.0,245.303
HD 66141 b,1906.9,12.8,,4323.0,68.1509
HD 208527 b,3146.4,12.5,,4035.0,312.202
MOA-bin-1L b,1200.0,13.0,,,5100.0
GU Psc b,3591.3,14.179,1050.0,4031.81,47.5501
GJ 163 c,6.8,2.5,,3500.0,15.1285
GJ 163 d,29.4,5.92,,3500.0,15.1285
Kepler-32 d,39.9089,2.7,328.0,3900.0,323.847
Kepler-31 d,2161.244,3.9,484.0,6340.0,1664.64
HAT-P-45 b,283.492,15.984,1652.0,6330.0,298.64
MOA-2010-BLG-073L b,3500.0,12.4,,,2800.0
HAT-P-27 b,197.05,11.43,1091.99,5316.0,199.173
DENIS-P J082303.1-491201 b,9057.77,11.9,,,20.77
HIP 63242 b,2917.56,12.5,,4830.0,156.456
Kepler-31 b,36.7418,5.5,781.0,6340.0,1664.64
Kepler-32 f,969.228,0.82,1026.0,3900.0,323.847
Kepler-58 d,245.343,2.94,583.0,6099.0,969.252
Kepler-158 b,5.14,2.12,500.0,4623.0,315.177
Kepler-424 c,2215.18,12.7,,5460.0,698.646
KMT-2023-BLG-1896L b,16.35,4.19,,,5490.0
HD 190984 b,1137.82569706,13.0,,5988.0,148.187
Kepler-134 c,2.13,1.26,892.0,5983.0,334.797
Kepler-210 b,8.96,2.94,737.0,4559.0,232.75
Kepler-422 b,136.66,12.89,1028.0,5972.0,722.795
Kepler-426 b,108.06,12.22,1300.0,5725.0,843.695
Kepler-16 b,105.833,8.4493,,4450.0,75.0852
KOI-94 d,106.0,11.27,806.0,6182.0,477.052
KOI-94 b,10.5,1.71,1486.0,6182.0,477.052
Kepler-35 b,40.363,8.16,,5606.0,1819.17
HD 103774 b,116.0,13.3,,6489.0,56.4089
HD 109271 b,17.162,4.31,,5783.0,55.8716
Kepler-415 c,4.7,2.01,543.0,4362.0,530.487
HD 50554 b,1859.29618095,12.8,,5987.0,31.1664
Kepler-428 b,403.63,12.11,1070.0,5150.0,686.284
Kepler-425 b,79.45,10.962,1070.0,5170.0,646.647
WASP-70 A b,187.512,13.047,1387.0,5763.0,222.355
KOI-94 e,35.0,6.56,584.0,6182.0,477.052
Kepler-396 c,17.9,5.3,390.0,5656.0,223.757
MOA-2010-BLG-477L b,480.0,13.6,,5950.0,2300.0
Kepler-290 c,7.75,2.7,437.0,5147.0,694.627
Kepler-290 b,5.69,2.25,594.0,5147.0,694.627
HD 166724 b,1207.7479466,13.0,,5127.0,45.1342
Kepler-122 f,36.0,1.75,543.0,5917.0,1027.45
Kepler-96 b,8.46,2.67,711.0,5690.0,122.881
KOI-13 b,2949.4624,16.948008,2550.0,7650.0,519.096
Kepler-17 b,778.65,14.68,1570.0,5781.0,720.753
Kepler-784 b,3.12,1.58,688.0,5674.0,1303.72
Kepler-880 b,7.56,2.66,1622.0,6761.0,601.324
CoRoT-23 b,889.9,11.77,1660.0,5900.0,1060.97
BD+20 274 b,1334.886,13.0,,4296.0,1322.51
HD 219415 b,317.83,13.8,,4820.0,165.184
HD 150706 b,772.32302901,13.3,,5961.0,28.2697
OGLE-2011-BLG-0251L b,170.0,14.2,,,2570.0
Kepler-414 c,29.9,3.01,890.0,5536.0,413.46
HAT-P-1 b,166.86075,14.784671,1322.0,5980.0,158.979
Kepler-42 c,60.337,0.73,720.0,3068.0,40.0595
Kepler-33 c,0.39,3.2,1009.0,5904.0,1209.16
Kepler-641 b,4.08,1.85,926.0,5713.0,969.918
Kepler-410 A b,8.44,2.838,866.0,6273.0,147.527
Kepler-314 c,8.75,2.9,890.0,5378.0,268.881
Kepler-879 b,7.13,2.57,580.0,5792.0,802.672
Kepler-865 b,6.76,2.49,694.0,5570.0,586.137
Kepler-415 b,119.9,1.21,694.0,4362.0,530.487
Kepler-338 e,8.5,1.56,1143.0,5999.0,552.798
Kepler-33 e,5.57,4.02,752.0,5904.0,1209.16
Kepler-33 b,3.68,1.74,1336.0,5904.0,1209.16
Kepler-46 c,119.499,13.5,455.0,5155.0,777.06
Kepler-318 b,19.9,4.71,1039.0,5746.0,489.141
Kepler-314 b,0.498,0.83,1195.0,5378.0,268.881
Kepler-46 b,1907.0,9.057,543.0,5155.0,777.06
USco CTIO 108 b,4449.62,12.3,,2700.0,144.019
Kepler-130 c,8.75,2.9,683.0,5879.0,316.663
Kepler-418 b,349.6112477,13.45,434.0,5820.0,1002.53
Kepler-33 f,9.6,4.46,691.0,5904.0,1209.16
Kepler-33 d,3.91,5.35,853.0,5904.0,1209.16
HD 155358 c,261.0,13.9,,5900.0,43.6197
Kepler-52 b,135.0,2.1,553.0,4075.0,321.542
Kepler-603 c,34.5,6.5,401.0,5808.0,1539.63
Kepler-952 b,45.4,7.65,369.0,5730.0,1304.25
Kepler-347 c,3.71,1.75,705.0,6088.0,1298.88
Kepler-158 c,4.27,1.9,418.0,4623.0,315.177
HAT-P-53 b,471.65972,14.773462,1778.0,5956.0,666.802
HIP 74890 b,762.792,13.3,,4850.0,78.6562
V0391 Peg b,1017.056,13.1,,29300.0,1195.98
HD 197037 b,251.0,13.9,,6150.0,33.1944
CFBDSIR J145829+101343 b,3337.1,12.4,370.0,580.5,23.1
Kepler-269 b,6.66,2.47,1007.0,5847.0,2257.32
Kepler-300 c,5.69,2.25,516.0,5986.0,1098.45
Kepler-149 d,14.9,3.96,306.0,5381.0,571.034
Kepler-124 d,1.41,1.11,428.0,4984.0,420.046
Kepler-276 d,16.3,2.8,489.0,5693.0,1144.86
Kepler-114 c,2.8,1.6,507.0,4660.0,259.533
XO-2 S c,435.409,13.6,,5399.0,151.398
Kepler-93 c,954.0,,,5669.0,95.9115
WASP-83 b,95.349,11.65736,1120.0,5510.0,271.103
WASP-89 b,1875.197,11.65736,1120.0,5130.0,290.946
Kepler-402 c,3.05,1.56,1140.0,6090.0,625.339
Kepler-157 b,2.3,1.32,1546.0,5774.0,773.713
HATS-6 b,101.38777,11.186582,712.8,3724.0,169.318
Kepler-450 c,12.5,2.62,944.0,6197.21,455.982
Kepler-81 c,4.3,2.37,502.0,4385.0,348.291
Kepler-412 b,299.07803,15.031269,1850.0,5750.0,1086.24
Kepler-92 b,64.3,3.51,975.0,5883.0,477.992
Kepler-288 c,8.5,2.85,815.0,5918.0,1194.15
Kepler-295 b,1.98,1.22,741.0,5603.0,1699.19
Kepler-178 d,14.8,3.95,392.0,5676.0,716.025
Kepler-44 b,317.82,12.22,1544.0,5800.0,1188.0
Kepler-41 b,177.98,14.46,1790.0,5750.0,1093.08
Kepler-450 d,17.6,0.837,1199.0,6197.21,455.982
POTS-1 b,734.16,10.548,,4400.0,747.959
Kepler-350 d,14.9,2.8,782.0,6492.3,956.859
Kepler-238 f,13.5,2.0,568.0,5800.0,1798.75
Kepler-287 c,66.0,3.26,513.0,5806.0,835.86
Kepler-285 b,2.36,1.34,1131.0,5411.0,824.31
Kepler-181 b,2.15,1.27,1041.0,5333.0,609.283
Kepler-1398 c,1.08,1.03,1324.0,6126.0,852.204
Kepler-963 b,7.56,2.66,802.0,5461.0,771.494
WASP-24 b,394.1092,15.46842,1772.0,6075.0,322.114
WASP-21 b,95.345,11.99,1333.0,5800.0,258.426
TOI-237 b,2.67,1.44,388.0,3212.0,38.0749
K2-237 b,434.15360396,16.06246934,1759.0,6180.0,314.995
Kepler-284 b,5.65,2.24,686.0,5615.0,1031.95
Kepler-654 b,4.94,2.07,831.0,5865.0,974.124
Kepler-199 c,10.6,3.25,420.0,5644.0,521.054
Kepler-214 b,7.32,2.61,758.0,6169.0,1208.44
Kepler-87 b,324.2,13.49,478.0,5600.0,1232.9
Kepler-75 b,3209.9,11.77,767.0,5200.0,835.356
Kepler-74 b,200.22,10.76,1078.0,6000.0,1177.55
Kepler-145 c,79.4,4.32,709.0,6022.0,566.85
Kepler-328 b,28.5,2.3,602.0,6064.0,2213.19
Kepler-115 c,7.27,2.6,960.0,5979.0,623.609
Kepler-341 c,3.53,1.7,940.0,6012.0,1047.03
Kepler-225 b,1.87,1.2,579.0,3682.0,561.101
Kepler-871 b,13.5,3.74,640.0,5993.0,1976.05
Kepler-56 c,181.0,9.8,1087.0,4840.0,912.994
XO-5 b,378.2,12.78,1230.0,5430.0,276.211
Kepler-447 b,435.41,18.49,882.0,5493.0,268.041
Kepler-216 b,6.12,2.35,1069.0,6091.0,1187.47
Kepler-259 c,7.75,2.7,530.0,5938.0,1002.14
Kepler-293 b,9.64,3.07,657.0,5804.0,974.633
Kepler-291 b,5.31,2.16,1212.0,6002.0,1786.48
Kepler-242 c,4.66,2.0,613.0,5020.0,600.241
Kepler-240 b,2.45,1.37,864.0,4985.0,746.927
Kepler-56 b,22.1,6.51,1378.0,4840.0,912.994
WASP-16 b,394.1092,13.67498,1389.0,5700.0,194.134
WASP-17 b,247.9074,20.96083,1755.0,6550.0,405.908
WASP-18 b,3241.8497514,13.89913607,2429.0,6432.0,123.483
HAT-P-54 b,241.5508,10.581296,818.0,4390.0,143.651
Kepler-148 c,12.6,3.6,957.0,5272.0,791.163
Kepler-179 b,3.33,1.64,1075.0,5302.0,605.68
Kepler-303 b,0.64,0.89,802.0,3944.0,209.738
Kepler-260 b,4.7,2.01,782.0,5250.0,627.365
Kepler-226 b,24.0,1.55,1018.0,5571.0,980.138
WASP-26 b,270.1555,13.56289,1650.0,6034.0,252.759
WASP-33 b,665.21819,17.855937,2781.7,7430.0,121.944
HATS-14 b,340.39593,11.646151,1276.0,5346.0,513.011
Kepler-1162 b,5.52,2.21,490.0,5390.0,940.211
Kepler-1126 b,3.64,1.73,374.0,5798.0,635.736
Kepler-165 c,5.6,2.23,581.0,5211.0,560.885
Kepler-197 d,1.98,1.22,810.0,6004.0,330.575
Kepler-125 b,6.21,2.37,590.0,3810.0,183.365
Kepler-306 c,6.12,2.35,716.0,4954.0,775.679
KOI-351 e,7.56,2.66,450.0,6080.0,848.254
KOI-351 c,1.81,1.19,987.0,6080.0,848.254
Kepler-222 c,19.4,4.64,734.0,5433.0,758.854
Kepler-184 d,6.76,2.49,559.0,5788.0,610.326
Kepler-309 b,3.05,1.56,531.0,4713.0,544.568
Kepler-696 b,31.3,6.14,1234.0,5903.0,1416.44
Kepler-11 f,2.0,2.49,513.0,5663.0,646.346
Kepler-11 e,8.0,4.19,582.0,5663.0,646.346
Kepler-11 g,25.0,3.33,376.0,5663.0,646.346
Kepler-166 c,6.26,2.38,468.0,5413.0,603.53
Kepler-275 b,6.08,2.34,1015.0,6165.0,2034.25
Kepler-1298 b,2.27,1.31,1373.0,6339.0,544.163
Kepler-11 c,2.9,2.87,786.0,5663.0,646.346
WASP-57 b,204.68252,11.76945,1338.0,5600.0,398.276
HAT-P-50 b,429.0705,14.437192,1862.0,6280.0,515.458
MOA-2008-BLG-379L b,1300.0,13.0,,,3300.0
HD 13908 b,274.91,13.9,,6255.0,79.5515
Kepler-108 b,56.0,8.65,669.0,5854.0,338.732
Kepler-264 b,11.1,3.33,772.0,6158.0,942.173
Kepler-279 b,4180.93,3.62,1104.0,6363.0,1037.4
Kepler-286 c,2.45,1.37,1098.0,5580.0,1226.85
GJ 667 C c,3.8,1.77,,3350.0,7.24396
HD 13908 c,1630.4,12.8,,6255.0,79.5515
HD 159243 b,359.13,13.7,,6123.0,73.3055
Kepler-261 b,5.39,2.18,672.0,5098.0,317.499
HIP 57274 c,130.0,14.2,,4640.0,25.8618
Kepler-292 d,5.6,2.23,808.0,5299.0,1056.48
GJ 667 C f,2.7,1.45,,3350.0,7.24396
HD 73526 c,715.09,13.3,,5601.0,97.2396
HD 106906 b,3496.0,12.4,1800.0,6516.0,103.029
Kepler-119 b,12.6,3.6,1213.0,5595.0,701.996
HD 220074 b,5288.6912,12.2,,3787.0,324.54
Kepler-343 b,6.39,2.41,1024.0,5807.0,927.193
Kepler-282 d,61.0,2.46,588.0,5656.0,1337.61
Kepler-619 b,10.1,3.16,1073.0,5980.0,900.678
Kepler-656 b,9.91,3.12,1569.0,5281.0,890.352
Kepler-273 b,2.86,1.5,1209.0,5626.0,713.964
Kepler-677 b,25.0,5.38,1015.0,5723.0,1954.08
Kepler-306 b,2.92,1.52,830.0,4954.0,775.679
Kepler-267 d,5.77,2.27,301.0,4258.0,264.993
DP Leo b,1995.88832,12.7,,13500.0,305.684
Kepler-20 g,19.96,4.71,524.0,5495.0,282.563
Kepler-19 c,13.1,3.68,,5544.0,218.562
HAT-P-34 b,1058.3739,13.417173,1520.0,6442.0,249.325
Kepler-549 c,8.91,2.93,349.0,5360.0,635.145
Kepler-603 d,2.3,1.32,1098.0,5808.0,1539.63
WASP-37 b,572.07,13.002,1232.5,5800.0,392.791
WASP-90 b,200.2329,18.27067,1840.0,6430.0,466.433
K2-26 b,7.61,2.67,430.0,3785.0,99.0504
Kepler-276 c,16.6,2.9,563.0,5693.0,1144.86
Kepler-305 b,10.5,3.6,836.0,5080.0,868.477
Kepler-266 b,6.71,2.48,1066.0,5885.0,1370.79
Kepler-121 c,5.77,2.27,425.0,5311.0,510.523
Kepler-338 d,9.27,3.0,680.0,5923.0,552.798
2MASS J01225093-2439505 b,7786.5,11.209,1600.0,3530.0,33.8281
WASP-52 b,146.2,14.24,1315.0,5000.0,174.818
WASP-75 b,340.06,14.235,1710.0,6100.0,294.001
WASP-135 b,603.877,14.5717,1403.66,5675.0,298.214
HD 20794 e,4.77,2.03,,5401.0,6.00278
HD 27894 c,51.48846,8.24,,4875.0,43.8214
Kepler-126 d,54.59018723,2.5,475.0,6239.0,237.401
Kepler-381 c,1.46,1.12,1180.0,6152.0,267.323
Kepler-249 d,3.09,1.57,332.0,3568.0,190.401
Kepler-254 d,6.8,2.5,686.0,5957.0,1389.48
Kepler-619 c,3.5,1.69,1767.0,5980.0,900.678
Kepler-1610 b,3.22,1.61,750.0,5383.0,864.331
Kepler-363 d,4.86,2.05,905.0,5593.0,762.596
Kepler-366 b,2.73,1.46,1326.0,6209.0,1856.28
Kepler-141 b,0.257,0.69,968.0,4910.0,301.183
Kepler-142 d,5.31,2.16,582.0,5790.0,548.686
Kepler-400 b,3.36,1.65,939.0,5886.0,845.97
Kepler-204 c,3.86,1.79,683.0,5812.0,686.723
WASP-41 c,1010.6994,13.1,241.0,5545.0,163.371
Kepler-312 c,10.1,3.15,754.0,6115.0,797.72
Kepler-286 d,2.33,1.33,919.0,5580.0,1226.85
Kepler-91 b,257.4423,15.322703,2040.0,4550.0,1294.69
Kepler-1181 b,3.09,1.57,1374.0,6176.0,938.417
Kepler-1489 b,3.78,1.77,400.0,5655.0,1283.05
Kepler-1491 b,2.89,1.51,821.0,5728.0,2065.59
CoRoT-7 b,4.07660518,1.68135,1756.0,5275.0,159.906
HD 176986 d,6.76,2.49,363.0,4931.0,27.7843
Kepler-354 b,4.04,1.84,741.0,4648.0,554.064
Kepler-368 b,10.7,3.26,800.0,5502.0,770.978
Kepler-135 b,3.93,1.81,1209.0,6090.0,621.855
Kepler-383 b,2.3,1.32,545.0,4710.0,470.0
HAT-P-66 b,248.86089,17.82231,1896.0,6002.0,935.456
WASP-118 b,163.36462,16.14096,1729.0,6410.0,376.658
WASP-7 b,305.1168,14.90797,1487.0,6400.0,162.303
XO-4 b,451.3186,14.01125,1630.0,6397.0,272.655
KELT-2 A b,540.311,15.13215,2080.0,6327.0,134.058
K2-30 b,184.02357,11.646151,1092.0,5425.0,333.042
WASP-101 b,162.0933,16.02887,1560.0,6380.0,201.224
Kepler-104 c,7.14430805,3.13,668.0,5711.0,400.785
Kepler-369 c,2.57,1.41,391.0,3591.0,214.0
Kepler-371 b,4.23,1.89,554.0,5666.0,813.192
Kepler-147 b,2.96,1.53,953.0,6012.0,1042.02
Kepler-132 d,3.02,1.55,758.0,6003.0,349.549
Kepler-208 c,2.51,1.39,1141.0,6092.0,775.328
Kepler-487 c,7.65,2.68,487.0,5444.0,872.343
Kepler-316 c,1.65,1.16,577.0,4204.0,384.938
Kepler-313 b,6.94,2.53,883.0,5727.0,1079.39524871
Kepler-372 c,5.02,2.09,755.0,6509.0,1493.95
Kepler-373 b,2.42,1.36,1054.0,5787.0,1090.45
HD 176986 c,2097.98531461,,558.0,4931.0,27.7843
Kepler-151 c,5.02,2.09,544.0,5460.0,649.919
Kepler-386 c,3.12,1.58,513.0,5178.0,882.462
Kepler-215 c,3.78,1.77,675.0,5739.0,485.997
Kepler-404 b,2.15,1.27,730.0,5654.0,812.524
NGTS-33 b,1153.71711741,18.38272835,1991.0,7437.0,437.855
OGLE-2018-BLG-1428L b,240.0,14.0,,,6220.0
HAT-P-30 b,263.7989,16.14096,1630.0,6304.0,213.985
TOI-1288 c,85.7,11.1,,5388.0,114.865
Kepler-317 b,109.8,2.09,976.0,5497.0,940.584
Kepler-319 c,7.41,2.63,876.0,5526.0,503.436
Kepler-375 c,7.51,2.65,720.0,5826.0,1238.81
Kepler-356 c,3.93,1.81,913.0,6133.0,707.559
Kepler-387 b,1.08,1.03,994.0,5774.0,801.052
Kepler-388 b,0.457,0.81,830.0,4498.0,425.0
Kepler-224 e,4.54,1.97,517.0,5018.0,782.088
Kepler-226 d,1.98,1.22,800.0,5571.0,980.138
Kepler-348 b,2.92,1.52,1196.0,6177.0,570.783
Kepler-338 b,30.6,2.44,1005.0,5923.0,552.798
Kepler-376 c,3.86,1.79,873.0,5900.0,923.067
Kepler-377 c,4.9,2.06,677.0,5949.0,823.804
Kepler-389 b,2.89,1.51,1047.0,5376.0,816.559
Kepler-118 b,4.5,1.96,784.0,5274.0,574.228
Kepler-123 c,2.79,1.48,706.0,6089.0,1021.66
Kepler-243 c,4.62,1.99,559.0,5228.0,693.86
GJ 3470 b,13.9,4.57,593.5,3600.0,29.4214
Kepler-379 c,5.86,2.29,530.0,6054.0,731.274
Kepler-112 c,6.35,2.4,538.0,5544.0,513.206
Kepler-137 c,4.19,1.88,568.0,5187.0,302.979
Kepler-390 b,0.477,0.82,786.0,5166.0,435.277
K2-400 b,1.67,1.163,,3578.0,62.3804
HD 6860 b,8981.83078182,11.9,,3802.0,61.12469
WASP-155 b,276.8285425,13.45077684,1468.0,5660.0,399.63
Kepler-351 c,11.1,3.19,431.0,5643.0,1083.91
Kepler-327 b,1.41,1.11,682.0,3799.0,241.987
Kepler-114 b,1.09,1.26,586.0,4605.0,259.533
Kepler-358 c,8.5,2.85,411.0,5908.0,1101.1
Kepler-169 c,1.92,1.21,776.0,4997.0,406.529
Kepler-236 b,3.09,1.57,469.0,3750.0,288.763
Kepler-141 c,2.57,1.41,738.0,4910.0,301.183
Kepler-858 b,21.1,4.87,399.0,5653.0,298.532
Kepler-855 b,52.7,8.35,996.0,5835.0,1506.58
Kepler-321 c,5.99,2.32,752.0,5740.0,384.542
Kepler-349 b,94.5,1.9,972.0,5956.0,940.724
Kepler-353 c,2.48,1.38,472.0,3903.0,384.694
Kepler-359 c,2.9,4.3,512.0,6248.0,1443.21
Kepler-173 b,2.21,1.29,1179.0,6031.0,833.165
K2-29 b,232.0159,13.33871,1171.0,5358.0,178.475
Kepler-180 b,2.86,1.5,781.0,5731.0,695.65
Kepler-244 d,15.2,2.31,622.0,5554.0,1036.49
Kepler-254 c,3.2,2.15,787.0,5957.0,1389.48
WASP-92 b,255.85315,16.376349,1871.0,6280.0,575.889
TOI-6109 b,21.1,4.8704,700.0,5660.0,151.738
Kepler-619 d,16.2,4.17,830.0,6122.0,900.678
Kepler-138 d,2.1,1.51,345.0,3841.0,66.8624
Kepler-330 c,4.46,1.95,573.0,5117.0,717.527
Kepler-1243 b,3.71,1.75,690.0,5667.0,758.17
Kepler-360 b,3.36,1.65,1116.0,6053.0,876.044
Kepler-49 e,1.03815,1.56,371.0,4252.0,311.222
Kepler-140 b,3.22,1.61,1301.0,6077.0,583.859
Kepler-122 d,5.48,2.2,747.0,6050.0,1027.45
HIP 113103 b,4.0,1.829,721.0,4930.0,46.2122
HD 28109 d,5.8,3.11,561.0,6189.0,139.611
Kepler-37 c,1.3,0.755,615.0,5357.0,63.9207
Kepler-268 c,11.4,3.38,471.0,6081.0,851.87
Kepler-171 c,7.08,2.56,752.0,5642.0,863.855
Kepler-133 c,8.45,2.84,663.0,5736.0,653.6
Kepler-185 b,1.71,1.17,1237.0,5208.0,466.735
WASP-50 b,466.828704,13.069694,1394.84,5400.0,184.848
HD 167768 b,270.15414595,13.9,,4851.0,107.214
Kepler-346 b,7.56,2.66,1008.0,6033.0,984.105
Kepler-718 b,,16.56,1497.0,6191.0,1302.33
Kepler-720 b,53.4,8.41,1162.0,5618.0,1065.37
Kepler-1241 b,7.41,2.63,612.0,5261.0,968.722
Kepler-495 b,23.8,5.23,1200.0,5346.0,658.924
Kepler-281 b,324.0,2.82,694.0,5723.0,1745.45
Kepler-288 b,3.43,1.67,1197.0,5918.0,1194.15
Kepler-394 b,3.19,1.6,1035.0,6402.0,1058.72
Kepler-189 b,1.92,1.21,678.0,5235.0,591.534
HD 27894 d,2063.65984665,12.7,,4875.0,43.8214
TOI-2986 b,96.61983573,9.292245,1622.0,5906.0,563.149
WASP-154 b,198.96058278,10.76062147,994.0,4774.0,215.501
Kepler-1990 c,0.904,0.98,1170.0,5751.0,392.739
Kepler-148 b,3.89,1.8,1284.0,5272.0,791.163
Kepler-178 c,8.65,2.88,656.0,5676.0,716.025
Kepler-686 b,,12.15,1539.0,5649.0,1490.94
Kepler-468 b,,13.34,484.0,5498.0,442.871
Kepler-953 c,1.81,1.19,873.0,5416.0,258.893
Kepler-342 b,5.69,2.25,905.0,6175.0,781.611
Kepler-334 c,2.63,1.43,822.0,5828.0,426.59
Kepler-291 c,4.19,1.88,1035.0,6002.0,1786.48
Kepler-298 c,4.38,1.93,416.0,4465.0,518.204
Kepler-190 c,2.73,1.46,948.0,5106.0,433.387
Kepler-191 c,4.12,1.86,596.0,5282.0,594.464
BD-08 2823 c,104.0,12.5,,4746.0,41.3342
HD 10180 f,23.9,5.24,,5911.0,38.9607
Kepler-207 c,2.86,1.5,1556.0,5920.0,875.519
Kepler-224 b,2.51,1.39,937.0,5018.0,782.088
TOI-5678 b,20.0,4.91,513.0,5485.0,165.393
TOI-836.01,9.6,2.587,665.0,4552.0,27.5024
HIP 75092 b,568.91284853,13.5,,4891.0,81.6696
Kepler-337 c,4.86,2.05,1017.0,5684.0,677.975
Kepler-299 d,4.12,1.86,729.0,5617.0,1052.24
Kepler-953 b,16.5,4.21,410.0,5416.0,258.893
Kepler-493 b,,15.13,1438.0,6457.0,1745.77
Kepler-303 c,1.55,1.14,521.0,3944.0,209.738
Kepler-137 b,2.76,1.47,742.0,5187.0,302.979
WASP-77 A b,529.31142902,13.56,1674.0,5617.0,105.166
HD 22946 d,26.57,2.607,546.0,6169.0,62.7792
Kepler-68 e,86.4493267,11.2,,5847.0,144.166
Kepler-228 b,2.96,1.53,1360.0,6043.0,1644.61
Kepler-238 c,152.522,2.39,1146.0,5751.0,1798.75
KOI-7368 b,5.56,2.22,805.0,5241.0,264.995
TOI-6008 b,4.0,1.03,707.0,3075.0,23.1008
Kepler-188 b,3.46,1.68,1463.0,6021.0,968.544
Kepler-126 b,4.11726105,1.52,1009.0,6239.0,237.401
HD 134606 c,11.31,3.37,,5576.0,26.7909
TOI-6324 b,1.17,1.059,1216.0,3247.0,20.5488
TOI-1422 b,9.5,3.83,870.0,5840.0,155.141
Kepler-136 c,4.62,1.99,847.0,6165.0,420.818
Kepler-198 c,6.66,2.47,465.0,5574.0,495.358
Kepler-398 b,0.749,0.93,755.0,4493.0,177.355
Kepler-244 c,4.86,2.05,791.0,5554.0,1036.49
Kepler-247 b,3.33,1.64,970.0,5100.0,663.711
TOI-5786 b,73.0,8.54,1040.0,6235.0,192.475
KMT-2021-BLG-0192L b,34.96112477,6.56,,,5120.0
TOI-4914 b,227.0,12.87,894.0,5805.0,299.89
K2-185 c,6.3,2.39,477.0,5788.0,268.357
Kepler-301 d,3.71,1.75,725.0,5815.0,719.166
Kepler-301 c,2.39,1.35,989.0,5815.0,719.166
Kepler-342 d,6.76,2.49,658.0,6175.0,781.611
Kepler-191 b,2.36,1.34,722.0,5282.0,594.464
Kepler-194 d,6.35,2.4,562.0,6089.0,1097.97
Kepler-208 e,2.79,1.48,880.0,6092.0,775.328
Kepler-344 c,9.01,2.95,360.0,5774.0,1002.94
Kepler-304 d,8.0,2.75,611.0,4731.0,434.684
Kepler-304 c,5.35,2.17,746.0,4731.0,434.684
Kepler-81 d,1.92,1.21,418.0,4500.0,348.291
Kepler-548 b,,11.99,1017.0,5535.0,751.776
Kepler-723 b,,12.19,1016.0,5539.0,1071.8
Kepler-197 e,0.693,0.91,691.0,6004.0,330.575
Kepler-200 c,3.15,1.59,806.0,5678.0,665.912
Kepler-346 c,9.64,3.07,654.0,6033.0,984.105
Kepler-350 b,16.9,1.85,1037.0,6186.0,956.859
Kepler-306 e,5.77,2.27,390.0,4954.0,775.679
Kepler-84 e,7.27,2.6,672.0,6031.0,1023.9
Kepler-265 e,7.22,2.59,476.0,5835.0,1280.25
Kepler-217 c,4.08,1.85,1208.0,6171.0,1104.64
Kepler-220 d,0.904,0.98,401.0,4632.0,171.109
Kepler-351 b,4.8,3.06,498.0,5643.0,1083.91
Kepler-352 b,0.566,0.86,694.0,5212.0,252.733
Kepler-84 d,2.48,1.38,1254.0,6031.0,1023.9
Kepler-310 d,7.0,2.47,353.0,5797.0,602.268
Kepler-282 b,1.01,1.01,817.0,5602.0,1337.61
Kepler-282 c,1.87,1.2,717.0,5602.0,1337.61
Kepler-220 e,2.33,1.33,341.0,4632.0,171.109
Kepler-154 c,9.01,2.95,454.0,5690.0,915.212
Kepler-353 b,0.64,0.89,534.0,3903.0,384.694
Kepler-85 e,0.6,1.27,559.0,5436.0,765.025
Kepler-55 e,3.02,1.55,728.0,4503.0,578.796
Kepler-310 b,1.81,1.19,665.0,5797.0,602.268
Kepler-286 e,3.78,1.77,539.0,5580.0,1226.85
Kepler-368 c,14.3,3.88,575.0,5502.0,770.978
Kepler-356 b,3.09,1.57,1294.0,6133.0,707.559
Kepler-354 d,2.07,1.24,451.0,4648.0,554.064
Kepler-313 c,7.13,2.57,683.0,5727.0,1079.39524871
Kepler-142 b,4.62,1.99,1597.0,5790.0,548.686
Kepler-487 b,,11.42,662.0,5444.0,872.343
Kepler-506 b,7.9,2.73,1080.0,6236.0,228.439
K2-419 A b,196.0,10.55,377.0,3711.0,268.685
TOI-4794 b,308.29355479,14.35870428,1673.0,6390.0,543.008
K2-398 c,22.8,5.098,,5946.0,606.992
Kepler-299 e,4.16,1.87,534.0,5617.0,1052.24
Kepler-372 b,2.42,1.36,1081.0,6509.0,1493.95
Kepler-378 c,0.271,0.7,414.0,4661.0,152.094
Kepler-357 c,7.61,2.67,576.0,5036.0,688.573
Kepler-308 c,5.31,2.16,714.0,5895.0,1335.92
Kepler-124 b,0.315,0.73,892.0,4984.0,420.046
Kepler-235 b,5.6,2.23,731.0,4255.0,428.018
Kepler-392 c,1.37,1.1,901.0,5938.0,681.428
Kepler-360 c,5.06,2.1,860.0,6053.0,876.044
Kepler-363 b,1.65,1.16,1347.0,5593.0,762.596
Kepler-319 d,5.86,2.29,528.0,5526.0,503.436
Kepler-319 b,3.29,1.63,1023.0,5526.0,503.436
Kepler-398 c,1.01,1.01,536.0,4493.0,177.355
Kepler-399 b,0.84,0.96,773.0,5502.0,740.537
Kepler-379 b,3.39,1.66,775.0,6054.0,731.274
Kepler-198 b,8.35,2.82,655.0,5574.0,495.358
Kepler-372 d,3.5,1.69,660.0,6509.0,1493.95
Kepler-146 b,13.3,3.71,639.0,5948.0,716.797
Kepler-250 b,1.51,1.13,938.0,5160.0,760.585
Kepler-390 c,0.418,0.79,630.0,5166.0,435.277
Kepler-373 c,2.07,1.24,729.0,5787.0,1090.45
Kepler-326 b,44.6,1.52,1127.0,5105.0,487.675
Kepler-325 c,6.99,2.54,721.0,5752.0,823.242
Kepler-46 d,3.33,1.64,845.0,5309.0,777.06
Kepler-142 c,8.55,2.86,1201.0,5790.0,548.686
Kepler-374 d,2.27,1.31,1272.0,5977.0,1265.61
Kepler-375 b,2.7,1.45,851.0,5826.0,1238.81
Kepler-256 b,3.15,1.59,1681.0,5551.0,1026.43
Kepler-327 d,3.64,1.73,387.0,3799.0,241.987
Kepler-403 c,3.71,1.75,604.0,6090.0,840.269
Kepler-209 c,9.8,3.1,486.0,5513.0,576.946
Kepler-246 c,2.86,1.5,667.0,5206.0,626.078
Kepler-250 d,5.39,2.18,579.0,5160.0,760.585
Kepler-376 b,1.24,1.07,1242.0,5900.0,923.067
Kepler-380 c,2.15,1.27,1056.0,6045.0,813.713
Kepler-130 d,3.33,1.64,451.0,5884.0,316.663
Kepler-252 b,2.04,1.23,587.0,4208.0,379.424
Kepler-255 b,3.02,1.55,971.0,5573.0,1052.53
Kepler-381 b,0.937,0.99,1576.0,6152.0,267.323
Kepler-383 c,2.07,1.24,406.0,4710.0,470.0
Kepler-331 d,3.33,1.64,346.0,4347.0,580.119
Kepler-333 c,1.41,1.11,386.0,4259.0,324.413
HATS-33 b,378.85336,13.78707,1429.0,5659.0,248.46
TOI-2154 b,292.40213444,16.28664896,1580.0,6280.0,296.46
TOI-2374 b,61.65871096,7.48759911,926.0,5002.0,134.655
TOI-4666 b,155.41809102,12.53164042,695.0,3793.0,154.749
WASP-194 b,373.13054982,15.47960235,1693.0,6405.0,476.831
HD 147379 b,21.6,4.94,,4090.0,10.7643
TOI-2338 b,1900.61387386,11.2089807,799.0,5581.0,313.996
Kepler-1979 b,,29.33,683.0,5942.0,1076.27
K2-407 c,2.42,1.36,,5563.0,218.376
K2-55 b,44.0,4.43,900.0,4300.0,159.522
K2-60 b,135.39558,7.655747,1400.0,5500.0,491.87
Kepler-405 c,19.6,4.66,557.0,5818.0,1065.08
Kepler-256 d,6.71,2.48,1097.0,5551.0,1026.43
Kepler-258 c,12.7,3.61,470.0,4942.0,575.988
Kepler-387 c,0.64,0.89,826.0,5774.0,801.052
Kepler-334 d,2.57,1.41,656.0,5828.0,426.59
Kepler-336 b,1.04,1.02,1625.0,5867.0,768.86
Kepler-149 c,3.22,1.61,436.0,5381.0,571.034
Kepler-393 c,2.33,1.33,901.0,6189.0,881.404
Kepler-292 c,2.76,1.47,1001.0,5299.0,1056.48
Kepler-337 b,2.99,1.54,1458.0,5684.0,677.975
Kepler-338 c,6.08,2.34,831.0,5923.0,552.798
K2-405 b,18.9,4.569,969.0,4927.0,197.234
TOI-1346 c,5.6,2.23,928.0,5099.0,115.45
Kepler-102 d,3.0,1.154,686.0,4909.0,107.796
HD 20329 b,7.42,1.72,2141.0,5596.0,63.6796
HIP 111909 c,257.44100967,13.9,,4891.0,88.077
Kepler-158 d,0.0472,0.43,,4895.97,315.177
Kepler-169 f,7.18,2.58,321.0,4997.0,406.529
Kepler-265 b,4.12,1.86,1022.0,5835.0,1280.25
Kepler-269 c,3.5,1.69,875.0,5847.0,2257.32
Kepler-395 b,1.08,1.03,576.0,4262.0,421.382
Kepler-298 d,6.8,2.5,277.0,4465.0,518.204
Kepler-339 c,7.3,1.15,914.0,5631.0,616.637
Kepler-339 d,14.7,1.17,796.0,5631.0,616.637
Kepler-171 d,4.23,1.89,497.0,5642.0,863.855
Kepler-174 d,5.43,2.19,212.0,4880.0,384.757
Kepler-272 d,5.69,2.25,777.0,5297.0,889.608
Kepler-206 d,1.81,1.19,681.0,5764.0,594.447
Kepler-122 c,29.0,5.87,897.0,6050.0,1027.45
Kepler-251 c,8.1,2.77,655.0,5526.0,924.625
Kepler-234 c,12.1,3.51,1025.0,6224.0,1733.1
KOI-1257 b,460.83,10.54,511.0,5520.0,656.0
OGLE-2008-BLG-355L b,1500.0,12.9,,,6800.0
Kepler-200 b,5.18,2.13,854.0,5678.0,665.912
Kepler-188 c,10.3,3.19,1025.0,6021.0,968.544
Kepler-252 c,5.27,2.15,499.0,4208.0,379.424
Kepler-1928 b,4.63,1.992,621.0,5720.0,326.362
Gaia-5 b,6633.07885409,12.1,,3447.0,41.1813
Kepler-1981 b,62.5,9.23,390.0,5874.0,659.395
TOI-3082 b,13.0,3.6621,1032.78,4263.0,113.048
WASP-8 b,807.2882,12.66617,1059.0,5600.0,89.9606
Kepler-107 b,3.8,1.536,1592.0,5854.0,525.997
GJ 508.2 b,587.98255295,,,3720.0,16.6374
TOI-6086 b,1.76,1.18,634.0,3200.0,31.4566
KELT-12 b,301.9385,19.95202,1800.0,6279.0,368.03
HIP 67851 b,365.50266805,13.7,,4840.0,64.1181
TOI-2443 b,4.8,2.363,519.0,4375.0,23.9258
Kepler-1983 b,6.04,2.33,807.0,5135.0,424.428
Kepler-421 b,16.1,4.16,185.0,5308.0,348.558
Kepler-343 c,4.74,2.02,746.0,5807.0,927.193
TOI-2141 d,14.9,3.97,491.4,5635.0,77.682
TOI-2719 b,29.9,5.98,1710.0,5762.0,588.368
NGTS-24 b,165.27077164,13.60770257,1499.0,5820.0,683.062
Kepler-190 b,3.05,1.56,1166.0,5106.0,433.387
Kepler-253 c,7.51,2.65,680.0,5208.0,838.595
Kepler-170 c,8.55,2.86,702.0,5679.0,738.657
Kepler-205 c,3.33,1.64,389.0,4321.0,159.72
KELT-7 b,441.7837,17.9344,2048.0,6768.0,136.681
WASP-127 b,52.346601,14.694999,1400.0,5620.0,159.507
TOI-216.02,18.75187601,8.0,628.0,5026.0,177.945
HATS-59 c,4036.441,12.3,175.9,5670.0,642.884
Kepler-202 b,3.29,1.63,802.0,4668.0,285.111
Kepler-214 c,5.18,2.13,619.0,6169.0,1208.44
Kepler-192 b,7.95,2.74,803.0,5479.0,651.674
Kepler-196 c,5.65,2.24,407.0,5128.0,451.312
Kepler-245 d,21.6,3.03,445.0,5100.0,861.527
Kepler-101 c,3.78,1.25,1413.0,5667.0,927.981
Kepler-154 b,5.73,2.26,561.0,5690.0,915.212
Kepler-359 d,2.7,4.01,464.0,6248.0,1443.21
Kepler-256 c,5.27,2.15,1315.0,5551.0,1026.43
Kepler-254 b,14.3,3.87,1013.0,5957.0,1389.48
Kepler-184 c,8.8,1.97,630.0,5788.0,610.326
Kepler-248 b,9.38,3.02,819.0,5190.0,738.792
KIC 10001893 b,,,,27500.0,1672.94
KIC 10001893 c,,,,27500.0,1672.94
Kepler-172 b,6.12,2.35,1256.0,5526.0,828.592
Kepler-205 b,2.89,1.51,757.0,4321.0,159.72
Kepler-257 c,25.2,5.41,881.0,5180.0,780.256
Kepler-217 b,5.6,2.23,1413.0,6171.0,1104.64
Kepler-174 c,2.83,1.49,377.0,4880.0,384.757
Kepler-251 d,8.1,2.77,536.0,5526.0,924.625
Kepler-423 b,189.101,13.361,1605.0,5560.0,758.753
HS Psc b,464.02947422,13.6,,4203.0,37.6604
EPIC 212587672 c,5.99,2.32,658.0,6004.0,320.07
TOI-2093 c,15.8,2.3,329.0,4426.0,82.7982
TOI-1266 b,4.46,2.52,415.0,3563.0,36.0118
HD 222237 b,1649.52943233,12.8,,4751.0,11.4469
WASP-195 b,33.05415433,10.31226224,1522.0,6300.0,484.852
TOI-4308 b,6.43,2.4189,763.05,5243.0,108.932
Kepler-1989 b,19.3,4.62,904.0,6032.0,1252.13
KELT-11 b,65.15482343,15.13212395,1712.0,5375.0,99.1596
HD 167677 b,905.81095995,13.2,,5474.0,54.3258
TOI-2095 b,4.1,1.25,347.0,3759.0,41.9176
HIP 29442 d,5.14,1.538,920.0,5289.0,68.192
TOI-1749 b,57.0,1.39,831.0,3985.0,99.5561
TOI-3819 b,352.78953177,13.13692538,1633.0,5859.0,558.141
KIC 10001893 d,,,,27500.0,1672.94
Kepler-361 b,2.7,1.45,1060.0,6169.0,930.32
Kepler-362 b,0.615,0.88,838.0,5788.0,1090.51
Kepler-218 c,10.0,3.14,500.0,5502.0,656.38
Kepler-193 b,6.3,2.39,979.0,6335.0,1009.1
Kepler-253 d,10.2,3.17,563.0,5208.0,838.595
Kepler-192 c,8.2,2.79,623.0,5479.0,651.674
TOI-561 b,2.02,1.397,2319.0,5342.0,85.799
TOI-1180 b,10.0,3.072,638.18,4738.0,72.0238
Kepler-1471 b,2.57,1.41,1238.0,5660.0,978.678
L 98-59 b,0.46,0.837,620.0,3415.0,10.6194
L 98-59 c,2.0,1.329,526.0,3415.0,10.6194
L 98-59 d,1.64,1.627,416.0,3415.0,10.6194
L 98-59 e,2.82,1.49,347.0,3415.0,10.6194
L 98-59 f,2.8,1.48,285.0,3415.0,10.6194
K2-414 b,1.98,1.219,,4343.0,260.036
HIP 29442 c,4.5,1.551,1123.0,5289.0,68.192
TOI-1174 b,32.0,2.562,713.83,5030.0,94.6375
WASP-136 b,479.92089457,16.81347105,1630.0,6250.0,275.587
TOI-1439 b,38.5,4.2427861,748.4,5841.0,230.306
HD 118203 c,3747.19691853,12.4,146.0,5742.0,92.2589
K2-331 c,7.85,2.72,673.0,5994.0,211.43
Kepler-93 b,4.66,1.478,1133.0,5669.0,95.9115
WASP-185 b,311.4734,14.01125,1160.0,5900.0,279.35
Kepler-365 c,3.33,1.64,729.0,6012.0,1038.99
Kepler-220 c,3.09,1.57,586.0,4632.0,171.109
Kepler-487 d,8.12,2.77513568,1226.0,5422.0,872.343
LP 791-18 b,1.94,1.212,564.3,2960.0,26.4927
K2-266 c,0.29013072,0.705,664.5,4285.0,77.5586
K2-389 b,6.04,2.33,932.0,5773.0,259.208
HD 191939 f,915.34581216,13.2,125.0,5348.0,53.6089
K2-413 b,0.363,0.7599,,4116.0,285.162
TOI-5716 b,0.84,0.96,400.0,3436.0,39.4122
HD 104985 b,1766.80811451,12.8,,4738.0,100.576
K2-332 b,5.48,2.2,266.0,3315.0,123.202
Kepler-409 b,6.0,1.199,438.0,5421.0,68.173
Kepler-522 b,38.2,6.91,761.0,6392.0,639.239
K2-199 c,12.4,2.85,694.0,4491.0,107.518
TOI-3688 A b,311.47183886,13.08088048,1534.0,5950.0,396.378
NGTS-30 b,305.11527072,10.40193409,500.0,5455.0,238.377
K2-389 c,4.82,2.04,,5782.0,259.208
HD 94890 b,676.97450691,13.3,,4867.0,61.7012
Kepler-670 b,,13.18,1219.0,5709.0,939.744
Kepler-196 b,4.27,1.9,536.0,5128.0,451.312
Kepler-221 c,9.3,2.93,860.0,5243.0,385.231
Kepler-163 c,5.73,2.26,648.0,5776.0,689.814
Kepler-97 c,344.0,,,5779.0,400.907
Kepler-407 c,4000.0,12.3,,5476.0,338.368
Kepler-427 b,92.17,13.79,1100.0,5800.0,1017.8
TOI-4961 b,572.0911326,12.34108775,919.0,5380.0,213.073
LHS 1678 c,1.4,0.941,510.9,3490.0,19.8782
HD 24040 b,1589.142035,12.9,,5802.0,46.6224
TOI-5489 c,2.18,1.28,536.0,3547.0,45.0907
Kepler-763 b,1.98,1.22,1414.0,5166.0,962.459
TOI-1759 b,10.8,3.14,443.0,4065.0,40.0654
TOI-5110 b,921.7023803,11.98240037,976.0,6160.0,392.259
WASP-148 c,124.58873554,13.9,590.0,5555.0,246.353
Kepler-207 d,11.0,3.31,1254.0,5920.0,875.519
Kepler-245 b,146.78,2.57,753.0,5100.0,861.527
Kepler-208 b,3.29,1.63,1379.0,6092.0,775.328
Kepler-246 b,6.08,2.34,896.0,5206.0,626.078
Kepler-179 c,4.66,2.0,810.0,5302.0,605.68
Kepler-226 c,45.2,2.27,919.0,5571.0,980.138
Kepler-113 b,11.7,1.82,775.0,4725.0,262.351
Kepler-48 d,7.93,2.04,448.0,5194.0,306.738
Kepler-199 b,9.85,3.11,595.0,5644.0,521.054
Kepler-237 c,4.98,2.08,687.0,4861.0,657.822
TOI-2525 c,208.8132634,10.13291855,399.96,5096.0,395.398
TOI-5489 b,2.54,1.4,624.0,3547.0,45.0907
HD 23079 b,845.42356262,13.2,,5994.0,33.4591
55 Cnc f,44.812,7.59,,5198.0,12.5855
Kepler-247 c,15.7,4.09,686.0,5100.0,663.711
Kepler-161 b,2.63,2.12,868.0,5078.0,434.632
Kepler-153 b,8.85,2.92,621.0,5404.0,459.368
Kepler-106 b,5.3,0.82,1021.0,5858.0,444.322
Kepler-100 d,3.0,1.61,670.0,5825.0,304.645
Kepler-274 b,2.99,1.54,961.0,6023.0,1333.62
Kepler-312 b,2.21,1.29,1685.0,6115.0,797.72
Kepler-211 c,18.3,1.29,841.0,5123.0,309.353
Kepler-212 c,7.95,2.74,664.0,5852.0,687.194
Kepler-228 d,15.4,4.04,835.0,6043.0,1644.61
Kepler-864 b,6.35,2.4,1143.0,5754.0,2022.9
K2-394 b,3.51,1.692,643.0,4938.0,98.0152
Kepler-230 b,16.8,4.26,506.0,5588.0,740.754
TOI-444 b,8.1,2.77,609.0,5225.0,57.3973
TOI-2202 b,287.31687993,10.95117414,652.07,5169.0,235.933
Wendelstein-2 b,232.33373,12.9934728,2470.0,4591.0,565.541
Kepler-166 b,5.77,2.27,772.0,5413.0,603.53
Kepler-181 c,4.62,1.99,937.0,5333.0,609.283
Kepler-106 d,8.1,0.95,649.0,5858.0,444.322
Kepler-131 c,8.25,0.84,615.0,5685.0,228.678
Kepler-320 b,1.55,1.14,1292.0,6435.0,826.613
Kepler-169 e,5.48,2.2,595.0,4997.0,406.529
Kepler-249 c,2.89,1.51,429.0,3568.0,190.401
Kepler-174 b,4.5,1.96,553.0,4880.0,384.757
Kepler-231 c,24.1,1.93,393.0,3767.0,316.618
Kepler-197 c,5.3,1.23,930.0,6004.0,330.575
Kepler-151 b,9.59,3.06,639.0,5460.0,649.919
Kepler-241 b,6.04,2.33,562.0,4699.0,512.0
Kepler-232 b,9.69,3.08,1104.0,5847.0,1349.13
Kepler-233 b,6.48,2.43,751.0,5360.0,856.417
Kepler-143 b,6.39,2.41,838.0,5848.0,809.467
Kepler-332 d,1.76,1.18,427.0,4955.0,344.19
HIP 9618 b,8.3,3.82838127,640.88,5649.0,67.5478
TOI-1453 b,2.32,1.173,944.2,4975.0,78.7415
TOI-1450 A b,1.258,1.13,722.0,3437.0,22.4467
GJ 3512 c,143.97626837,14.3,,3141.0,9.48637
TOI-1450 A c,1.527,1.13,533.0,3437.0,22.4467
Kepler-453 b,16.0,6.204,,5527.0,442.846
TOI-1420 b,25.1,11.89,957.0,5510.0,201.918
KOI-4978 b,0.271,0.7,,5050.28,936.341
Kepler-311 d,4.86,2.05,327.0,5903.0,778.654
K2-369 b,2.28,1.313,,5682.0,185.55
HD 93083 b,143.34061156,14.3,,5033.8,28.5159
LHS 1678 d,0.907,0.981,462.95,3490.0,19.8782
Kepler-1515 b,66.2,9.55,380.0,6511.0,539.321
TOI-5616 b,624.0,10.78,939.0,3996.0,390.415
TOI-2194 b,4.61,1.9892,590.88,4756.0,19.5711
K2-388 b,14.5,3.9,874.0,5310.0,290.495
K2-397 b,6.42,2.417,,5387.0,199.354
KIC 3558849 b,38.1,6.9,,6175.0,1215.7
HD 215152 c,468.79690033,,,4935.0,21.5974
Kepler-440 b,4.12,1.86,229.0,4134.0,301.03
HD 23472 e,0.72,0.818,723.0,4684.0,39.0341
HD 73344 c,118.54999581,13.5,,6148.0,35.26
TOI-1301.01,6.7,2.477,737.36,4820.0,90.8693
TOI-1221 b,1112.3994245,2.91,440.0,5592.0,138.411
Kepler-490 b,,11.65,1597.0,6045.0,1523.0
TOI-697 b,6.16,2.35859364,839.8,5681.95,93.7714
EPIC 220674823 c,7.9,2.712,838.0,5578.0,244.59
Kepler-949 b,8.8,2.91,782.0,5403.0,486.105
TOI-544 b,2.89,2.018,999.0,4169.0,41.1166
Kepler-109 c,8.2,2.65,859.0,5950.0,474.861
TOI-2266 b,2.99,1.54,550.0,3200.0,51.6004
TOI-1744.01,7.65,2.68,598.0,6179.0,114.39
HATS-66 b,1694.0339,15.815899,1998.0,6626.0,1477.98
K2-13 b,4.23,1.89,511.0,5698.0,342.394
KIC 8540376 b,15.8,4.1,,6474.0,1072.3
KIC 8540376 c,6.35,2.4,,6474.0,1072.3
Kepler-436 b,7.9,2.73,322.0,4651.0,588.867
Kepler-186 f,1.71,1.17,177.0,3755.0,177.594
Kepler-441 b,3.33,1.64,189.0,4340.0,268.003
TOI-1224 c,8.67,2.884,303.12,3326.0,37.3312
K2-155 c,7.27,2.6,583.0,4258.0,72.7998
TOI-808 b,5.49,2.20344362,710.98,5078.2,98.1848
TOI-2088 b,37.0,3.6831179,300.33,5081.0,126.46
WASP-1 b,271.415,16.623,1812.0,6110.0,393.072
HD 224018 d,4.2,2.4,411.0,5784.0,105.48
TOI-1782.01,6.2,2.368,697.84,4336.0,95.2649
K2-141 c,8.0,7.0,695.0,4570.0,61.8736
TOI-4487 A b,397.28550875,14.60530185,1639.0,6206.0,479.145
GJ 3512 b,146.51889563,14.3,,3141.0,9.48637
HAT-P-44 b,111.871,13.922,1108.0,5295.0,347.85
HAT-P-44 c,1271.3,13.0,,5295.0,347.85
TOI-824 b,18.467,2.926,1253.0,4600.0,63.9262
HD 215497 b,1588.82420659,,,5110.0,40.5468
Kepler-435 b,266.97,22.31,1729.0,6161.0,1418.77
Qatar-5 b,1373.0256,12.408363,1415.0,5747.0,367.658
K2-333 b,31.6,6.18,826.0,5880.0,343.99
TOI-2145 b,1805.26535176,12.24020692,1484.0,6206.0,224.731
Kepler-68 c,1.3,0.979,1052.0,5847.0,144.166
HD 28471 b,3.72,1.75,1377.0,5766.0,43.6455
TOI-500 e,15.05,3.99,,4440.0,47.3924
HATS-56 b,191.33366,18.920792,1902.0,6536.0,564.409
HAT-P-12 b,67.059,10.749,963.0,4650.0,142.751
TOI-2046 b,731.0053361,16.14093221,1828.82,6250.0,289.668
HD 215497 c,111.23994245,13.0,,5113.0,40.5468
HAT-P-33 b,292.4036,20.73665,1782.0,6446.0,396.11
HD 149026 b,120.7754,8.29466,1626.0,6179.0,75.8643
TOI-6383 A b,331.0,11.29,745.0,3444.0,171.319
HD 100508 b,381.3940884,13.7,,5419.0,32.7548
HATS-16 b,1039.3041,14.5717,1592.0,5738.0,757.044
TOI-1799 b,4.0,1.642,922.72,5690.0,62.1274
DMPP-4 b,12.2,3.53,,6400.0,25.3284
HD 191939 b,10.0,3.41,880.0,5348.0,53.6089
TOI-333 b,20.1,4.26,1445.0,6241.0,352.269
Kepler-19 b,6.1,2.209,851.0,5541.0,218.562
Kepler-1999 b,10.8,3.29,577.0,4406.0,701.255
TOI-3353.01,7.59,2.6667555,1264.36,6365.0,78.7577
K2-14 b,20.7,4.81,488.0,3789.0,364.048
K2-15 b,6.71,2.48,676.0,5131.0,493.992
K2-17 b,5.6,2.23,487.0,4320.0,125.106
KIC 10525077 b,25.9,5.5,,6091.0,1461.15
KIC 5437945 b,33.6,6.4,308.0,6340.0,1274.01
Kepler-442 b,2.36,1.34,241.0,4402.0,365.965
HD 67087 b,973.0,13.1,,6330.0,76.5217
TOI-1411 b,2.0,1.19880592,976.4,4115.0,32.4778
K2-285 c,15.68,3.53,741.4,4975.0,154.961
Kepler-785 b,,13.02,753.0,4739.0,642.051
TOI-1036 b,32.5,6.28499593,1294.0,5664.68,184.015
WASP-62 b,165.2716,14.79588,1475.3,6230.0,175.631
TOI-938 b,20.8,4.82401567,1073.0,5829.42,215.034
K2-372 b,8.98,2.945,,5479.0,463.88
nu Oph c,7838.32346,12.0,,4887.0,46.2107
HD 32963 b,657.90480249,13.4,,5727.0,38.0786
Kepler-437 b,5.22,2.14,308.0,4551.0,304.0
HIP 78530 b,7300.0,12.0,2700.0,10500.0,136.759
1RXS J160929.1-210524 b,3000.0,18.647,1700.0,4060.0,139.135
OGLE-2012-BLG-0563L b,120.0,13.6,,,1300.0
Kepler-296 c,4.66,2.0,606.0,3740.0,167.0
OGLE-2016-BLG-1266L b,3813.940884,12.4,,,3080.0
TOI-5218 b,657.0,9.86,783.0,4230.0,377.483
TOI-1516 b,1004.33776612,15.24421375,1839.0,6520.0,247.054
TYC 8998-760-1 c,1906.98,12.3299,1240.0,4573.0,94.6177
TOI-332 b,57.2,3.2,1871.0,5251.0,222.852
Kepler-731 b,,13.88,1212.0,5849.0,1257.16
K2-265 b,7.3418362,1.70824866,1366.0,5420.0,138.671
KMT-2022-BLG-1818L b,1271.313628,13.0,,,5300.0
WASP-2 b,295.89973,12.116929,1311.0,5180.0,153.242
WASP-28 b,282.54945382,13.66374747,1456.0,6084.0,348.494
TOI-2141 c,6.14,2.35,1095.0,5635.0,77.682
Kepler-856 b,63.3,9.3,824.0,5535.0,1351.17
HD 113538 b,114.41,13.2,,4462.0,16.2817
Kepler-79 e,4.1,3.49,511.0,6174.0,1020.72
Kepler-79 c,5.9,3.72,734.0,6174.0,1020.72
Kepler-296 d,5.02,2.09,403.0,3740.0,167.0
BD+15 2375 b,337.21763,13.8,,4649.0,768.045
HD 5583 b,1837.0574,12.8,,4830.0,219.216
HD 113538 c,295.57,13.8,,4462.0,16.2817
HD 30669 b,149.37,14.3,,5400.0,58.0844
Kepler-79 b,10.9,3.47,929.0,6174.0,1020.72
Kepler-296 e,2.96,1.53,337.0,3740.0,167.0
Kepler-296 f,3.89,1.8,274.0,3740.0,167.0
WASP-180 A b,286.047,13.89916,1540.0,6600.0,253.985
GJ 1137 c,5.12,2.11,,5033.8,28.5159
Kepler-1869 b,1.46,1.11955354,865.0,5808.0,113.025
TOI-421 b,6.7,2.64,922.0,5291.0,74.7969
HD 12484 b,947.1334,13.2,,5920.0,48.3367
HIP 65407 b,136.03124,14.3,,5460.0,61.7804
HD 108341 b,715.11391575,13.3,,5122.0,48.9102
HD 103720 b,197.046,14.1,,5017.0,45.5352
TOI-521 b,5.3,1.98,794.0,3544.0,60.9425
TOI-4641 b,1229.99593509,8.18255591,950.11,6560.0,86.3501
TOI-5542 b,419.53349724,11.30986153,441.0,5700.0,348.849
K2-339 b,4.35,1.92,508.0,4857.0,360.36
Kepler-1980 b,5.52,2.21,564.0,5819.0,1709.4
TOI-1789 b,222.4798849,16.14093221,1927.0,5991.0,229.067
CoRoT-28 b,153.82972,10.704595,,5150.0,766.183
WASP-98 b,293.03926,12.823096,1171.0,5473.0,281.742
HIP 66074 b,1589.142035,12.9,,4300.0,35.4438
TOI-3135 b,327.36325921,13.65253849,1292.0,5890.0,221.673
Kepler-1814 c,3.75,1.76,1711.0,4922.0,726.346
HD 94771 b,169.0,14.2,,5631.0,57.7807
TOI-4087 b,232.01473711,13.04725353,1458.0,6060.0,301.676
TOI-286 c,3.72,1.88,475.0,5152.0,59.2293
Kepler-1894 b,1.87,1.20117759,1231.0,5772.0,935.191
TOI-2019 b,34.4,5.33275337,917.46,5626.0,198.007
NGTS-10 b,687.14846,13.506845,1332.0,4600.0,324.69865036
TOI-1105 b,9.58,3.05823658,594.0,4678.46,79.5225
TOI-2076 e,4.7,1.301,1110.0,5187.0,41.9091
TOI-1117 b,8.9,2.46,1538.0,5635.0,167.598
SPECULOOS-3 b,0.894,0.977,553.0,2800.0,
TOI-4600 b,959.84178914,6.8,347.0,5170.0,216.056
K2-140 b,295.58041851,13.56286665,962.0,5585.0,347.917
Kepler-434 b,908.96,12.67,1000.0,5977.0,1222.54
Kepler-433 b,896.24,16.25,1776.0,6360.0,1878.31
HATS-43 b,82.95363,13.22662,1003.0,5099.0,362.273
2M0437 b,1271.313628,13.0,1450.0,3100.0,128.484
Kepler-1518 b,9.53,3.05,1351.0,6846.0,903.51
TOI-4773 b,1687.66884117,15.22179579,2255.0,6740.0,492.888
Kepler-685 b,78.8,10.58,1579.0,5963.0,938.715
TOI-1806.01,11.5,3.4095367,337.47,3272.0,55.5211
K2-378 b,8.65,2.88,,4823.0,687.973
TOI-762 A b,79.77493016,8.33948164,555.4,3266.0,98.4458
HD 207897 b,14.8,2.34302132,581.75,5106.0,28.2938
TOI-1736 b,12.3,3.18175535,1099.79,5636.0,88.9482
NGTS-21 b,750.07504052,14.90794433,1357.0,4660.0,592.891
HD 75302 b,1716.2733978,12.8,,5697.46,30.3288
TOI-4495 b,7.7,2.483,1735.0,6210.0,132.214
kap CrB b,635.66,13.4,,4840.0,30.0651
TOI-244 b,2.68,1.52,458.0,3433.0,22.0337
TOI-2295 b,278.09985612,16.47720163,747.0,5730.0,126.279
HIP 109384 b,495.8148,13.5,,5180.0,58.9582
HD 220842 b,1010.6994,13.1,,5960.0,64.6498
Kepler-445 d,2.1,1.25,305.0,3157.0,127.201
Kepler-445 c,6.85,2.51,341.0,3157.0,127.201
Kepler-432 b,1719.4603,12.834305,812.0,4995.0,848.023
TOI-500 b,1.42,1.166,1617.0,4440.0,47.3924
TIC 231949697 b,2.95,1.52831855,982.91,3451.32,50.2408
Wolf 327 b,2.53,1.24,996.0,3542.0,28.5321
Kepler-1982 b,0.381,0.77,1282.0,6202.0,558.855
TOI-4559 b,2.59,1.415,554.16,3558.0,31.6354
GJ 3929 c,5.71,2.26,317.0,3384.0,15.8095
Kepler-1513 b,48.30991786,8.594,346.0,5491.0,349.247
Kepler-10 d,12.0,3.49,387.0,5708.0,185.506
WASP-87 b,692.8694,15.524465,2049.54,6450.0,298.392
OGLE2-TR-L9 b,1430.175,18.046,2034.0,6933.0,1627.63
HD 109833 c,7.22,2.59,756.7,5881.0,79.5561
GJ 9827 d,3.02,1.98,675.0,4236.0,29.661
TOI-5704 b,10.5,3.2274,949.07,4590.0,89.637
TOI-5007 b,211.03806225,11.07447293,774.0,3793.0,203.352
TOI-6448 b,54.0,8.47398941,745.0,5910.0,386.879
Kepler-1655 b,5.4,2.213,938.0,6148.0,213.26
Kepler-880 c,8.6,2.87,1407.0,6900.0,601.324
Kepler-1624 b,35.3,6.59,540.0,3768.0,258.979
HAT-P-68 b,230.10892,12.016048,1027.8,4508.0,202.152
NGTS-15 b,238.68913366,12.32987877,1146.0,5600.0,786.485
HD 191939 g,13.5,3.74,278.0,5348.0,53.6089
TOI-5688 A b,124.0,10.3,742.0,3713.0,226.318
HD 94890 c,2831.85110637,12.5,,4867.0,61.7012
MWC 758 c,,,500.0,7314.0,159.537
HD 20794 b,2.7,1.45,660.0,5368.0,6.00278
HD 158259 c,5.6,2.23,,5801.89,27.0498
HD 110067 e,3.9,1.94,533.0,5266.0,32.1585
Kepler-20 b,9.7,1.773,1187.0,5495.0,282.563
Kepler-1972 c,2.11,0.868,1215.0,5818.0,287.339
TOI-5592 b,285.72773789,17.14974047,1789.0,6237.0,597.026
HR 858 b,3.55,2.004,1552.0,6354.0,31.964
OGLE-2008-BLG-092L b,57.0,8.74,,,8100.0
OGLE-2005-BLG-071L b,1200.0,13.0,55.0,,3200.0
Kepler-445 b,3.12,1.58,401.0,3157.0,127.201
Kepler-446 d,2.39,1.35,436.0,3359.0,96.339
8 UMi b,524.41687155,13.5,,4847.0,162.552
TOI-1750 b,8.19,2.78943837,612.92,4683.75,162.46
K2-133 c,3.2,1.603,,3655.0,75.1703
TOI-4127 b,743.71847238,12.07,556.0,6096.0,319.632
HD 111998 b,1525.5763536,12.9,,6557.0,33.2237
K2-398 b,5.79,2.274,,5946.0,606.992
BEBOP-4 AB b,8358.8871041,,,5701.43,234.294
OGLE-2006-BLG-109L b,231.0,14.0,82.0,,1510.0
K2-404 b,6.94,2.53,,3748.0,121.63
GJ 3090 c,10.0,3.14,407.2,3707.0,22.4751
TOI-3464 b,397.28550875,13.7646283,1693.0,6370.0,597.774
Kepler-1052 b,8.91,2.93,522.0,5888.0,943.444
K2-131 b,7.9,1.69,2223.0,5120.0,152.509
TOI-561 c,5.93,2.865,802.0,5342.0,85.799
K2-136 b,4.3,1.014,610.0,4500.0,59.2474
TOI-1853 b,73.2,3.46,1479.0,4985.0,165.105
Kepler-1986 b,4.23,1.89,579.0,5549.0,912.085
2MASS J02192210-3925225 b,4417.837,16.14096,,3064.0,40.08964117
GJ 480 b,8.8,2.91,406.0,3509.0,14.2358
WASP-32 b,835.8929,10.76064,1388.0,6140.0,275.994
K2-337 b,7.37,2.62,850.0,5869.0,421.636
TOI-2989 b,953.485221,12.55405838,1001.0,4672.0,195.795
Kepler-963 c,0.156,0.6,,5169.47,771.494
TOI-1136 c,6.32,2.879,1062.0,5770.0,84.5362
Kepler-1921 c,2.57,1.41,1791.0,6120.0,928.989
HD 23079 c,8.26,2.8,,5994.0,33.4591
TOI-1246 d,5.4,3.43139739,587.77,5213.0,169.422
TOI-5238 b,23.7,5.22,1042.0,5631.0,290.646
TOI-4860 b,86.7,8.7,694.0,3260.0,80.1423
Kepler-30 d,23.1,8.8,308.0,5498.0,914.221
Kepler-1610 c,5.02,2.09,433.0,5295.0,864.331
HD 28471 d,4.91,2.06,945.0,5766.0,43.6455
WASP-132 d,1639.99458012,12.8,107.0,4686.0,122.91
Kepler-454 b,5.4,2.37,916.0,5687.0,230.869
K2-157 b,1.14,0.935,2432.0,5334.0,298.373
NGTS-34 b,19.1,3.65,624.0,6134.0,120.475
NGC 2682 Sand 1429 b,572.0911326,13.4,683.0,6000.0,852.793
K2-352 b,2.45,1.37,1160.0,5791.0,176.051
Qatar-2 b,792.635,14.056,1344.0,4645.0,181.374
WASP-66 b,746.9005,15.6926,1569.7,6600.0,500.258
Qatar-8 b,117.91493,14.403565,1457.0,5738.0,281.498
Kepler-290 d,0.566,0.86,1589.0,5142.0,694.627
Kepler-1814 b,6.21,2.36961357,1022.0,4922.0,726.346
TOI-1347 b,11.1,1.8,1400.0,5464.0,147.476
TOI-3523 A b,435.42491759,15.9727975,1984.0,6450.0,645.294
TOI-2295 c,1783.01736327,12.8,234.9,5730.0,126.279
KELT-18 b,375.0394,17.59813,2085.0,6670.0,321.376
TOI-431 d,9.9,3.29,633.0,4850.0,32.5686
Kepler-2001 b,1.12,1.04,1402.0,5081.0,776.55
WASP-197 b,403.32424848,14.44837612,1665.0,6050.0,483.675
TOI-1136 e,6.07,2.639,737.0,5770.0,84.5362
Kepler-416 c,6.13,2.352,791.0,5718.0,690.819
NN Ser c,2329.6,12.6,,57000.0,515.818
K2-287 b,100.11645,9.494023,804.0,5695.0,158.335
GJ 341 b,4.0,0.88,629.0,3770.0,10.454
K2-138 b,3.1,1.51,1157.0,5356.3,202.585
K2-178 b,12.4,3.55790985,840.29,5525.0,214.753
Kepler-449 c,8.07,2.764,661.0,5649.18,241.949
CoRoT-1 b,327.35,16.7,1898.0,5950.0,787.909
K2-406 b,19.2,4.602,,5784.0,85.3751
TOI-1758 b,6.9,3.62,551.44,5169.0,96.6215
WISPIT 1 b,3305.4154328,12.4,,4670.0,230.007
TOI-5108 b,32.0,6.6,1180.0,5808.0,130.919
WASP-84 b,220.0,10.72,732.0,5280.0,100.588
K2-371 b,,13.024,956.83,4925.0,442.813
Kepler-1513 c,84.54235626,11.0,,5491.0,349.247
NY Vir c,1760.7782,12.8,,32780.0,544.024
TOI-6628 b,235.19302118,10.98480109,833.0,5463.0,320.527
LTT 9779 b,29.32,4.72,1978.0,5443.0,80.4373
Kepler-975 b,2.79,1.48,1599.0,4897.0,426.088
HD 143811 AB b,1938.7532827,15.69257298,1042.0,6791.0,136.608
TOI-238 c,6.7,2.18,696.0,5059.0,80.5407
HATS-54 b,239.32479047,11.37711541,1429.0,5621.0,748.585
TIC 279401253 c,2548.98382414,12.6,,5951.0,285.584
TOI-5340 b,270.15414595,15.07607904,1566.0,5990.0,532.629
TOI-5799 c,3.75,1.76,337.0,3452.0,27.8123
Kepler-318 c,13.1,3.68,762.0,5746.0,489.141
TOI-4561 b,3.81,1.77789214,789.81,5537.93,179.008
HD 165131 b,5943.3912109,12.1,,5870.0,57.4263
HAT-P-19 b,88.03846874,11.29865255,981.2,4962.0,202.078
K2-401 b,5.74,2.262,,4213.0,200.727
Kepler-1487 c,48.7,7.97,991.0,5745.0,1014.62
Kepler-725 b,81.6,10.8,514.0,5395.0,758.469
Kepler-431 d,1.41,1.11,856.0,6004.0,486.546
Kepler-431 c,0.229,0.668,951.0,6004.0,486.546
HATS-57 b,1000.21101,12.767051,1413.4,5587.0,279.485
WASP-34 b,177.9848,11.209,1250.0,5700.0,132.096
WASP-3 b,772.3269,15.91678,2020.0,6400.0,231.161
Kepler-449 b,4.88,2.056,917.0,5649.18,241.949
HD 1461 b,6.44,2.42,,5765.0,23.4534
HD 1461 c,5.59,2.23,,5765.0,23.4534
GJ 3341 b,6.6,2.46,,3526.0,23.619
Kepler-430 c,3.71,1.75,458.0,5884.0,917.477
Kepler-444 b,0.0374,0.403,938.0,5046.0,36.4396
Kepler-444 c,0.0793,0.497,868.0,5046.0,36.4396
TOI-4010 d,38.15,6.18,650.0,4960.0,177.504
K2-275 c,5.52,2.21,653.0,4841.0,123.438
TOI-5734 b,9.1,2.1,688.0,4750.0,32.5102
Kepler-1487 b,5.18,2.13,1682.0,6541.0,1014.62
Kepler-323 b,3.9,1.381,1838.0,6004.0,454.883
NGTS-17 b,242.82090295,13.89913607,1457.0,5650.0,1040.28
Kepler-10 c,11.29,2.355,579.0,5708.0,185.506
Kepler-1972 b,2.02,0.802,1084.0,5818.0,287.339
TOI-6478 b,19.2,4.6,204.4,3230.0,38.6057
HD 183263 b,1103.1824007,13.1,,5948.0,54.1955
MOA-2011-BLG-262L b,17.0,4.29,,,7200.0
HD 40307 d,1775.3894815,,541.0,4956.0,12.9363
HD 87883 b,2005.49724817,12.7,,4980.0,18.2912
TOI-815 c,23.5,2.62,469.0,4869.0,59.7117
Kepler-25 d,71.9,10.0,,6354.0,243.249
TOI-3331 A b,721.47048389,12.97999965,1488.0,5609.0,217.193
HD 74698 c,126.0,14.0,,5783.0,52.0648
TOI-2068 b,3.97,1.821,520.62,3710.0,52.9328
K2-412 b,5.13,2.116,,5590.0,654.085
Kepler-603 b,7.51,2.65,731.0,5808.0,1539.63
Barnard d,0.263,0.694,483.0,3195.0,1.82655
K2-132 b,155.7367,14.5717,1586.0,4840.0,609.818
TOI-4747 b,14.8,3.95803201,1035.0,5595.08,304.615
HD 40307 f,5.2,2.13,398.0,4956.0,12.9363
Kepler-444 e,0.1,0.546,727.0,5046.0,36.4396
Kepler-444 d,0.2,0.53,783.0,5046.0,36.4396
Kepler-444 f,0.332,0.741,673.0,5046.0,36.4396
HIP 107773 b,629.3034,13.4,,4945.0,105.18
TOI-763 b,9.79,2.28,1038.0,5450.0,95.1274
K2-174 b,7.27,2.6,455.0,4455.0,99.9293
TOI-615 b,138.25535705,18.97680433,1666.0,6850.0,360.408
NY Vir b,730.978,13.3,,32780.0,544.024
AF Lep b,1147.36054927,13.0,1400.0,6140.0,26.8564
Kepler-763 d,3.43,1.67,804.0,4999.0,962.459
OGLE-2005-BLG-169L b,14.1,3.84,,,4100.0
K2-133 d,4.67,2.003,734.0,3655.0,75.1703
K2-165 b,2.17,1.27443657,,5185.0,134.591
Kepler-1990 b,10.7,3.27,1554.0,5751.0,392.739
Kepler-164 e,16.7,4.24,429.0,5888.0,890.758
K2-87 b,44.9,7.6,979.0,5747.0,491.242
TOI-1338 c,75.4,10.3,,5723.2,399.017
OGLE-2019-BLG-0362L b,1036.12060682,13.1,,,5830.0
TOI-5803 b,10.7,3.2732,678.87,5134.0,84.0126
AT2021ueyL b,425.89006538,13.6,,3680.0,1040.0
HD 145675 c,2510.8444153,12.6,,5338.0,17.9323
WASP-60 b,174.8065,9.86392,1479.0,5900.0,431.052
XO-2 S b,82.6358,10.9,,5399.0,151.398
TOI-776 b,5.0,1.798,520.0,3725.0,27.1701
Kepler-1987 d,7.56,2.66,744.0,4769.0,595.683
TOI-833 b,2.15,1.27,1118.0,3920.0,41.7148
KELT-24 b,1458.83238813,12.71098411,1391.0,6426.0,96.5173
TOI-858 B b,349.6112477,14.06727078,1529.0,5842.0,250.489
WASP-13 b,114.4188,13.67498,1531.0,5950.0,227.537
WASP-10 b,1001.12,12.106,1370.0,4675.0,140.998
HAT-P-32 b,216.1244,22.19382,1835.7,6001.0,289.205
Kepler-1704 b,1322.16617312,11.94877343,253.8,5746.0,835.455
Kepler-1693 b,2.21,1.28938413,807.0,5432.34,760.065
HD 199509 b,43.22466335,7.43,,5796.02,24.3056
Kepler-104 b,19.6,3.1,852.0,5711.0,400.785
Kepler-945 b,7.41,2.63,616.0,5718.0,1651.25
TOI-2416 b,953.485221,9.86390302,1080.0,5808.0,557.733
HD 110113 c,10.5,2.11384817,990.0,5732.0,106.307
XO-2 N b,179.89178,11.130537,1328.0,5340.0,154.273
EPIC 206317286 b,0.84,0.96,,4752.0,314.35
WASP-102 b,197.68926915,14.90794433,1671.0,5990.0,535.689
Kepler-297 d,,32.6,325.0,5618.0,692.14
Kepler-1994 b,0.087,0.51,1032.0,5495.0,241.991
HATS-32 b,292.4036,14.000041,1437.0,5700.0,745.116
HAT-P-46 b,156.684,14.392,1458.0,6120.0,290.736
TOI-125 b,9.5,2.726,1037.0,5320.0,111.059
TOI-125 d,13.6,2.93,638.1,5320.0,111.059
Kepler-1130 b,0.437,0.8,904.0,5403.0,249.343
Kepler-1878 b,8.86,2.92019781,1063.0,5918.0,1494.3
HD 21411 b,65.9,9.52,,5605.0,29.1328
Kepler-239 c,6.85,2.51,366.0,4914.0,648.109
NSVS 14256825 b,4497.2945,12.3,,40000.0,820.877
HD 143361 b,1382.55357045,12.9,,5507.0,68.5146
Kepler-1978 b,7.61,2.67,676.0,5251.0,865.512
HD 12661 b,772.3269,13.3,,5645.0,37.8478
WASP-11 b,251.0857,12.44199,992.0,4800.0,124.73
WASP-192 b,731.009,13.78707,1620.0,5910.0,508.885
WASP-44 b,276.5121,12.3299,1337.0,5420.0,364.512
HAT-P-5 b,311.4734,13.56289,1517.0,5960.0,303.336
HAT-P-8 b,406.8224,15.6926,1713.0,6200.0,211.553
HD 33844 b,638.8383,13.4,,4861.0,105.779
Kepler-139 f,36.0,6.67,,5630.0,391.038
TOI-836 b,4.53,1.704,871.0,4552.0,27.5024
TOI-1246 b,8.1,3.01,955.0,5151.0,169.422
Kepler-1849 b,6.29,2.38685349,355.0,4806.0,631.884
Kepler-2001 c,3.97,1.82,597.0,5081.0,776.55
DMPP-1 e,4.13,1.86,1314.0,6196.0,62.5388
K2-403 b,24.6,5.333,949.0,5511.0,246.599
TOI-5789 e,11.61,3.43,424.0,5185.0,20.4581
rho CrB b,347.995,13.7,614.0,5817.0,17.4671
HD 191939 c,8.0,3.195,600.0,5348.0,53.6089
DMPP-6 b,5.8,2.28,,6182.09,54.6303
Kepler-315 c,16.1,4.15,291.0,5796.0,1160.63
Qatar-10 b,233.92288,17.295487,1955.0,6124.0,559.068
Gliese 12 b,0.95,0.93,314.6,3328.0,12.21
HD 209458 b,232.0159,15.58051,1459.0,6091.0,48.3016
Kepler-1991 b,2.76,1.47,760.0,5478.0,855.82
Kepler-1995 b,16.9,4.28,375.0,5029.0,595.331
Kepler-1987 e,4.35,1.92,643.0,4769.0,595.683
KELT-3 b,616.5902,17.48604,1816.0,6304.0,210.252
Kepler-417 c,7.7,2.69,616.0,5177.0,973.989
KMT-2017-BLG-1146L b,230.0,14.0,,,6500.0
Kepler-1213 b,1.81,1.19,1156.0,6050.0,807.812
Kepler-1020 b,5.82,2.28,325.0,5227.0,415.358
Kepler-682 b,42.6,7.37,753.0,5559.0,1979.25
K2-194 b,12.9,3.64229858,,5979.0,629.51
Kepler-1993 b,16.1,4.15,903.0,5159.0,1031.91
Kepler-579 b,4.66,2.0,730.0,5636.0,530.765
HD 216770 b,181.1631,14.1,,5399.0,36.6625
Kepler-1074 b,2.1,1.25,568.0,4002.0,250.817
WASP-133 b,368.6828,13.56289,1790.0,5700.0,559.084
Kepler-1126 c,2.7,1.45,305.0,5678.0,635.736
TOI-1224 b,5.08,2.104,541.0,3326.0,37.3312
TOI-564 b,464.98529,11.43318,1714.0,5640.0,199.581
Kepler-1656 c,126.4,14.0,,5569.0,185.875
TOI-1410 c,27.0,5.63,,4635.0,72.7512
HATS-55 b,292.72143,14.022459,1367.0,6214.0,609.838
WASP-183 b,159.55066,16.47723,1111.0,5313.0,325.377
HD 45184 b,12.19,3.52,,5869.0,21.9532
Kepler-700 b,30.0,5.99,452.0,5692.0,1491.76
WASP-170 b,508.528,12.285064,1422.0,5600.0,305.603
TOI-1693 b,2.57,1.41,764.0,3499.0,30.7947
OGLE-2018-BLG-0298L b,44.49597698,7.56,,,6540.0
OGLE-2013-BLG-0102L b,4100.0,12.3,,,3040.0
Kepler-948 b,4.08,1.85,841.0,5679.0,868.017
TOI-1472 b,18.05,4.058,891.0,5100.0,121.84
Kepler-1894 c,1.92,1.21,1007.0,5772.0,935.191
TOI-532 b,61.5,5.82,867.0,3927.0,135.047
Kepler-1996 b,5.73,2.26,392.0,4580.0,440.561
LP 714-47 b,30.8,4.7,700.0,3950.0,52.616
TOI-921 b,12.2,3.53409617,951.0,6011.66,294.015
Kepler-1278 b,1.01,1.01,1213.0,6074.0,889.426
HD 106270 b,3623.2438398,12.4,,5509.0,93.808
Kepler-1977 b,3.39,1.66,798.0,4805.0,592.711
HATS-10 b,167.17858,10.861521,1407.0,5880.0,534.889
Kepler-1801 c,8.8,2.91,371.0,5738.0,839.332
Kepler-472 b,10.5,3.22,876.0,4996.0,306.602
Kepler-1129 b,9.06,2.96,737.0,5831.0,1183.88
Kepler-1275 b,2.79,1.48,1368.0,6296.0,1153.98
Kepler-1052 c,5.9,2.3,302.0,5818.0,943.444
HATS-61 b,1080.622,13.394755,1226.1,5542.0,679.761
Kepler-656 c,2.57,1.41,975.0,5550.0,890.352
Kepler-1471 c,4.19,1.88,841.0,5533.0,978.678
Kepler-60 c,3.85,1.9,1023.0,5905.0,1025.1
Kepler-784 c,3.02,1.55,844.0,5676.0,1303.72
WASP-49 b,117.5971,12.44199,1400.0,5600.0,194.553
WASP-15 b,171.6282,15.80469,1676.0,6300.0,282.091
Kepler-1869 c,0.33,0.74,1455.0,5808.0,113.025
Kepler-1987 c,2.33,1.33,860.0,4769.0,595.683
Kepler-1669 d,1.98,1.22,669.0,4224.0,543.444
Kepler-1870 b,5.07,2.10143764,1046.0,5508.0,407.216
K2-8 c,6.39,2.41,801.0,4870.0,403.513
Kepler-1339 b,0.285,0.71,1642.0,5586.0,371.049
Kepler-865 c,0.64,0.89,914.0,5440.0,586.137
Kepler-2000 c,3.09,1.57,359.0,3757.0,320.588
Kepler-864 c,3.26,1.62,1532.0,6213.0,2022.9
Kepler-1905 b,2.69,1.4460734,1212.0,5788.0,1051.53
Kepler-230 c,4.82,2.04,359.0,5588.0,740.754
Kepler-1839 b,4.46,1.9493759,1049.0,5926.0,1136.6
Kepler-694 b,8.25,2.8,914.0,5700.0,1023.06
K2-32 e,2.1,1.212,1066.0,5271.0,157.682
Kepler-1984 b,37.3,6.81,675.0,3638.0,
Kepler-1987 b,2.04,1.23,997.0,4769.0,595.683
Kepler-919 b,5.69,2.25,869.0,6113.0,1119.87
Kepler-1181 c,4.01,1.83,1124.0,6688.0,938.417
Kepler-1858 b,6.44,2.42168247,330.0,4939.0,833.055
Kepler-975 c,80.2,10.69,1168.0,4883.0,426.088
HD 95872 b,1188.6842,13.0,,5312.0,72.2195
Kepler-411 b,25.6,2.401,1138.0,4974.0,153.676
NGTS-16 b,211.99154747,14.57167491,1177.0,5550.0,898.168
K2-31 b,563.83042,11.88154,1688.0,5280.0,110.527
K2-39 b,28.6047,6.27704,1670.0,4881.0,307.47
HIP 38594 c,48.4,7.94,,4086.3,17.7886
Kepler-144 b,2.33,1.33,1253.0,6075.0,384.917
Kepler-1121 b,4.31,1.91,1008.0,6231.0,482.047
HD 10442 b,472.61321,13.6,,4912.0,135.374
Kepler-402 d,2.48,1.38,1006.0,6090.0,625.339
TOI-4515 b,637.0,12.17,705.0,5433.0,193.499
AU Mic c,14.46,2.79,424.7,3540.0,9.7221
HAT-P-7 b,584.8072,16.92559,2733.0,6389.0,341.079
AU Mic b,8.99,4.79,554.8,3540.0,9.7221
WASP-63 b,117.5971,15.80469,1469.91,5550.0,290.684
TOI-3540 A b,375.03752026,23.53885947,1498.0,5810.0,
HATS-62 b,56.89157,11.825495,1237.0,5416.0,523.067
Kepler-1690 b,8.3,2.81109223,267.0,5404.0,703.789
Kepler-1118 b,7.95,2.74,502.0,5688.0,888.325
Kepler-150 b,2.1,1.25,1131.0,5560.0,891.092
Kepler-1841 b,2.82,1.48912557,542.0,5190.0,631.7
Kepler-620 b,11.0,3.32,849.0,6155.0,1355.28
HD 105618 b,25.42627256,5.44,,5671.0,70.0837
KMT-2016-BLG-1836L b,700.0,13.3,,,7100.0
NGTS-12 b,66.10864,11.747032,1257.0,5690.0,446.442
Kepler-1669 b,8.15,2.78043818,530.0,4303.0,543.444
K2-341 b,10.4,3.21,598.0,5817.0,421.408
TOI-262 b,4.94,2.07,584.0,5310.0,43.932
Kepler-347 d,9.48,3.04,482.0,5592.0,1298.88
55 Cnc e,7.99,1.875,1958.0,5172.0,12.5855
K2-329 b,82.6358,8.675766,650.0,5282.0,233.237
Kepler-405 b,4.98,2.08,785.0,5818.0,1065.08
HIP 114933 b,616.58710958,13.4,,4823.0,101.766
NGTS-18 b,129.99181846,13.56286665,1381.0,5610.0,1096.19
Kepler-129 b,20.0,2.4,910.0,5770.0,408.845
GJ 3082 b,8.2,2.79,,3910.0,16.6186
HD 136352 b,4.72,1.664,905.0,5664.0,14.682
HD 221420 b,7278.2705203,12.0,,5847.0,31.1415
HD 136352 c,11.24,2.916,677.0,5664.0,14.682
Kepler-1723 b,8.65,2.88046569,568.0,6072.0,811.278
Kepler-1176 b,6.57,2.45,595.0,5844.0,864.699
Kepler-1783 b,2.3,1.31946731,1088.0,5129.0,264.078
TOI-6255 b,1.44,1.079,1256.46,3421.0,20.3167
TOI-157 b,375.0394,14.414774,1588.0,5404.0,355.683
OGLE-2017-BLG-0640L b,514.88201934,13.5,,,6630.0
OGLE-2013-BLG-1761L b,860.0,13.2,,,6900.0
OGLE-2017-BLG-1099L b,959.84178914,13.1,,,7250.0
Kepler-1421 b,0.749,0.93,1209.0,6335.0,783.401
Kepler-1442 b,14.7,3.93,522.0,6394.0,608.68
Kepler-414 b,3.5,1.71,1024.0,5536.0,413.46
HD 13808 c,9.96,3.13,,5035.0,28.2305
TOI-1333 b,753.2571,15.647764,1679.0,6274.0,200.492
HD 13808 b,11.2,3.35,,5035.0,28.2305
HD 136352 d,8.82,2.562,431.0,5664.0,14.682
K2-185 b,1.6,1.15,809.0,5788.0,268.357
K2-59 b,6.39,2.41,,5055.0,311.313
Kepler-1976 b,,12.21,1103.0,5712.0,1314.51
HAT-P-61 b,335.9446262,10.07687365,1505.0,5587.0,338.84
TOI-849 b,41.8,3.64,1932.0,5257.0,225.734
Kepler-1491 c,6.53,2.44,530.0,5626.0,2065.59
Kepler-1834 c,1.98,1.22,1541.0,4821.0,500.395
Kepler-1518 c,8.75,2.9,1094.0,6432.0,903.51
TIC 270471727 b,8.0,2.75029559,1147.1,5271.39,182.104
Kepler-348 c,2.33,1.33,888.0,6177.0,570.783
Kepler-1200 b,1.2,1.06,1174.0,4612.0,588.715
HD 204941 b,73.1009,10.1,,5026.0,28.7165
HD 68988 c,4776.96095721,12.2,,5883.41,60.8447
HD 101581 b,0.827,0.956,834.0,4675.0,12.7781
OGLE-2017-BLG-0406L b,130.0,14.2,,,5200.0
KMT-2017-BLG-0428L b,5.59,2.23,,,5400.0
Kepler-698 b,13.1,3.68,727.0,5612.0,1995.57
WASP-121 b,371.85923619,19.52604438,2409.0,6628.0,269.898
GJ 536 c,5.89,2.3,290.5,3641.0,10.4092
TOI-663 b,4.45,2.27,674.0,3681.0,64.2308
TOI-1259 A b,140.16232749,11.45557828,963.0,4775.0,118.106
Qatar-4 b,1938.763,12.722215,1385.0,5215.0,329.036
K2-113 b,410.0007,12.14,1098.0,5660.0,635.722
TOI-150.01,797.7533,14.067295,1404.5,6255.0,336.267
TOI-2107 b,263.79757781,13.57407563,1397.0,5627.0,236.705
Kepler-1321 b,21.5,4.92,408.0,4094.0,769.146
HD 10180 h,64.4,9.4,,5911.0,38.9607
HD 7924 b,2058.25676373,,825.9,5131.0,16.9922
HIP 57274 d,167.4,14.2,,4640.0,25.8618
HD 215152 e,975.41538108,,,4935.0,21.5974
KMT-2020-BLG-0414L c,8581.366989,11.9,,,1220.0
GJ 328 b,797.74930157,13.3,,3897.0,20.5266
HD 16175 b,1875.1876013,12.8,,5981.0,59.859
Kepler-1195 b,4.98,2.08,702.0,4965.0,918.566
Kepler-739 b,11.0,3.32,775.0,5601.0,1370.65
K2-268 e,2.33,1.33,801.0,5106.0,327.783
K2-268 f,5.6,2.23,492.0,5106.0,327.783
K2-268 b,2.86,1.5,1136.0,5106.0,327.783
K2-146 c,7.49,2.19,,3385.0,79.3002
OGLE-2013-BLG-0341L B b,1.66,1.16,,,911.0
TOI-1248 b,27.4,6.8084859,952.09,5205.0,168.735
Qatar-7 b,597.5204,19.0553,2053.0,6387.0,705.981
HATS-22 b,870.8542,10.682177,858.0,4803.0,229.518
TOI-1291 b,27.1,5.63826391,1649.0,6139.95,428.123
TOI-1722 b,17.6,4.38298108,952.0,5999.55,136.419
TOI-1756 b,4.43,1.94225664,696.39,3891.86,86.7159
K2-336 b,1.98,1.22,569.0,5424.0,239.289
K2-334 b,27.2,5.65,1380.0,6502.0,371.823
EPIC 212297394 b,2.79,1.48,1149.0,5171.0,418.395
HAT-P-38 b,84.857,9.247,1082.0,5330.0,255.206
K2-331 b,3.86,1.79,909.0,5994.0,211.43
TOI-5232 b,743.71847238,12.778238,1772.0,6500.0,609.388
K2-342 b,4.78,2.03,861.0,5920.0,208.357
V1298 Tau e,15.3,10.17,527.0,4970.0,108.199
V1298 Tau c,4.7,5.08,953.0,4970.0,108.199
Kepler-1914 b,8.97,2.9429803,585.0,5982.0,1621.56
Kepler-224 c,9.91,3.12,758.0,5018.0,782.088
HAT-P-64 b,184.34047606,19.08889413,1766.0,6457.0,651.897
K2-348 b,10.7,3.26,908.0,5077.0,201.856
HATS-40 b,505.3497,17.71022,2101.0,6460.0,1342.29
TOI-4578 b,5.77,2.26974262,842.42,5951.32,182.249
TOI-4898 b,13.4,3.7197954,667.0,4201.57,98.5958
BD+45 564 b,432.24663352,13.6,,5004.0,53.622
Kepler-911 b,7.27,2.6,931.0,6112.0,556.168
K2-353 b,26.3,5.55,735.0,5698.0,268.515
TOI-1749 c,14.0,2.12,673.0,3985.0,99.5561
TOI-431 b,3.07,1.28,1862.0,4850.0,32.5686
Kepler-795 b,3.46,1.68,580.0,5631.0,492.122
K2-340 b,11.2,3.36,606.0,5532.0,738.136
Kepler-163 b,1.16,1.05,906.0,5776.0,689.814
K2-330 b,8.1,2.77,969.0,6232.0,160.125
K2-268 c,7.7,2.69,696.0,5106.0,327.783
Kepler-668 b,7.75,2.7,790.0,5352.0,784.618
K2-352 d,5.6,2.23,727.0,5791.0,176.051
K2-352 c,4.35,1.92,885.0,5791.0,176.051
K2-335 b,5.52,2.21,949.0,6222.0,557.993
CWISEP J193518.59-154620.3 b,4926.3403085,12.2,390.0,,14.43
TOI-5926 b,44.6,7.56807148,987.0,5388.92,275.103
TOI-6393 b,8.04,2.75958542,696.0,5008.2,186.229
TOI-2071 b,7.1,2.56484195,1029.33,5755.41,231.311
TOI-2227 b,9.79,3.09885187,1164.0,5889.54,165.441
TOI-4030 b,28.8,5.8462559,1384.0,5640.37,571.615
TOI-4513 b,6.11,2.34587608,653.0,5623.93,102.609
K2-268 d,2.83,1.49,888.0,5106.0,327.783
HD 79181 b,203.41018048,14.1,,4862.0,103.335
HD 10975 b,143.02278315,14.3,,4840.0,116.506
HD 99283 b,308.29355479,13.8,,4886.0,111.093
Kepler-989 b,5.52,2.21,805.0,5074.0,491.978
K2-346 b,5.73,2.26,450.0,4801.0,105.58
Kepler-1801 b,7.8,2.70926154,829.0,5738.0,839.332
HATS-51 b,244.09344,15.80469,1553.0,5758.0,389.57
HR 858 d,7.1,2.001,1061.0,6354.0,31.964
Kepler-1446 b,0.477,0.82,1539.0,4865.0,152.075
Kepler-956 b,9.27,3.0,1056.0,6040.0,544.939
ups Leo b,162.09248757,14.2,,4836.0,52.5973
HD 161178 b,181.16219199,14.1,,4786.0,107.188
K2-368 d,4.45,1.948,,4663.0,206.608
EPIC 212297394 c,5.77,2.27,866.0,5171.0,418.395
K2-349 b,2.48,1.38,518.0,4385.0,453.567
Kepler-1834 b,2.73,1.4593834,848.0,4821.0,500.395
Kepler-1859 b,3.13,1.58313575,1455.0,5887.0,1331.25
HATS-74 A b,464.02947422,11.56766808,895.1,3776.9,299.389
TOI-880 c,21.7,4.95,805.0,5050.0,60.6679
TOI-1278 b,5879.8255295,12.21778896,407.87,3799.0,75.5759
WASP-97 b,432.2488,12.77826,1555.0,5640.0,151.068
gam Psc b,425.89006538,13.6,,4742.0,41.3107
HD 219139 b,247.90615746,14.0,,4831.0,104.935
Kepler-98 b,3.55,1.99,1592.0,5539.0,350.315
Kepler-238 b,3305.02,1.73,1642.0,5751.0,1798.75
Kepler-67 b,8.96,2.94,602.0,5331.0,1131.19
WASP-46 b,607.0553,13.159366,1636.0,5600.0,375.31
WASP-48 b,254.264,16.8135,2035.0,5920.0,454.144
WASP-6 b,148.42586607,12.5428494,1167.0,5438.0,197.119
PDS 70 b,1017.0509024,21.96960217,1392.0,4109.0,113.064
TOI-1064 b,13.5,2.587,784.0,4734.0,68.0726
TrES-5 b,568.9157,13.383546,1480.0,5171.0,360.313
WASP-114 b,562.24127,15.008851,2043.0,5940.0,523.337
Kepler-1921 b,8.72,2.89459458,967.0,6120.0,928.989
HD 114386 c,117.59651059,13.4,,4895.0,27.9243
TOI-1442 b,1.71,1.17,1072.0,3330.0,41.1659
WASP-25 b,179.25522155,13.80946422,1217.0,5697.0,211.416
TOI-1064 c,2.5,2.651,634.0,4734.0,68.0726
K2-373 b,4.9,2.061,,6138.0,229.567
Kepler-1542 d,0.59,0.87,1010.0,5564.0,399.114
K2-316 c,4.01,1.83,423.0,3436.0,112.486
TOI-1295 b,451.31633794,15.69257298,2360.0,6280.0,388.227
K2-115 b,321.00669107,11.80305668,696.0,5870.0,413.591
K2-350 c,7.95,2.74,687.0,5789.0,489.368
TOI-261.02,11.2,3.34822227,1007.53,5890.3,114.495
TOI-1203 e,42.1,7.31,,5737.0,64.9943
Kepler-1764 b,18.8,4.55527871,511.0,6461.0,1542.48
Kepler-1269 b,3.29,1.63,657.0,5998.0,1097.23
Kepler-681 b,9.69,3.08,489.0,5021.0,686.923
K2-387 b,42.2,7.322,,3572.0,266.318
XO-1 b,263.7989,12.77826,1210.0,5750.0,163.553
WASP-190 b,317.83,12.89035,1500.0,6400.0,542.251
TOI-480 b,20.8,2.85372018,1198.94,6174.0,54.5306
K2-196 b,12.6,3.59970536,,6045.0,584.877
HD 200964 c,385.84562,13.7,,4982.0,72.5922
Kepler-1315 b,2.48,1.38,1541.0,4861.0,480.869
K2-239 d,1.37,1.1,399.0,3420.0,31.0849
K2-382 b,4.95,2.072,,5452.0,278.412
K2-192 b,2.92,1.52,939.0,5222.0,221.753
TRAPPIST-1 b,1.374,1.116,397.6,2566.0,12.42988881
TRAPPIST-1 d,0.388,0.788,286.2,2566.0,12.42988881
TRAPPIST-1 e,0.692,0.92,249.7,2566.0,12.42988881
TRAPPIST-1 g,1.321,1.129,197.3,2566.0,12.42988881
TRAPPIST-1 h,0.326,0.755,171.7,2566.0,12.42988881
TOI-4602.01,7.04,2.550449,1380.27,6011.9,63.0637
HATS-26 b,206.5895,19.61575,1918.0,6071.0,861.843
K2-190 b,2.41,1.35673729,,5631.0,160.679
TOI-1839 c,6.39,2.40867246,,5315.91,116.086
WASP-186 b,1341.2426,12.44199,1378.4,6361.0,278.514
TOI-4552 b,1.83,1.11,1122.0,3258.0,27.2684
TOI-261.01,9.51,3.0449863,1722.49,5890.3,114.495
TOI-1054.01,6.5,2.43432,853.0,6122.0,88.4343
K2-402 b,7.65,2.678,,5716.0,523.055
K2-117 c,4.9,2.06,537.0,3778.0,101.632
HD 18742 b,1080.622,13.1,,4940.0,162.685
Kepler-873 b,13.5,3.75,749.0,6163.0,1182.22
TOI-3837 b,187.51876013,10.87271128,1178.0,5905.0,311.705
K2-407 b,2.19,1.283,,5563.0,218.376
K2-380 b,7.89,2.729,,5911.0,249.303
Kepler-1297 b,0.871,0.97,1790.0,5818.0,1439.47
Kepler-80 f,4459.73,1.21,1054.0,4540.0,369.451
Kepler-113 c,8.7,2.18,628.0,4725.0,262.351
K2-384 d,2.52,1.392,,3623.0,82.6603
Wendelstein-1 b,188.15536,11.5609626,2198.0,4251.0,305.3
HATS-17 b,425.25654,8.709393,814.0,5846.0,400.331
TOI-3894 b,260.61929374,15.27784069,1531.0,6000.0,417.365
Kepler-1016 b,5.39,2.18,1540.0,5821.0,1402.82
WASP-68 b,343.2564,14.79588,1490.0,5910.0,226.399
HAT-P-56 b,734.1873,16.92559,1840.0,6566.0,320.639
K2-408 b,3.45,1.677,,5335.0,162.306
K2-384 e,2.37,1.345,,3623.0,82.6603
K2-395 b,7.26,2.597,,5007.0,286.727
K2-395 c,11.4,3.395,,5007.0,286.727
HIP 55507 b,2585.53409095,12.6,,4171.0,25.4893
WASP-79 b,270.15414595,17.14974047,1716.2,6600.0,246.69
K2-386 b,5.99,2.32,,5749.0,428.785
K2-396 b,3.12,1.579,,5236.0,274.864
OGLE-2019-BLG-0299L b,1976.89269154,12.7,,,5830.0
TOI-883 b,40.7,7.17166228,861.0,5713.15,102.637
TOI-3896 b,10.1,3.14949237,966.0,5110.91,181.653
TOI-5380 b,11.9,3.48093238,1479.0,6400.78,286.781
TOI-6677 b,28.7,5.83507112,334.0,6572.28,340.52
K2-409 b,6.72,2.482,,5742.0,431.031
Kepler-1651 b,4.04,1.84,393.0,3713.0,66.4074
Kepler-1354 b,9.11,2.97,466.0,6168.0,1119.45
HD 100546 b,2701.5414595,77.3421,,10500.0,109.677
HD 158996 b,4449.62,12.3,,4069.0,283.659
Kepler-610 b,16.3,4.19,888.0,5943.0,845.824
Kepler-1053 b,0.904,0.98,953.0,4529.0,151.129
Kepler-1932 b,2.91,1.51482218,1891.0,5278.0,713.733
Kepler-340 c,11.3,3.37,946.0,6620.0,808.762
Kepler-940 b,11.1,3.34,486.0,5769.0,1260.78
Kepler-524 c,0.84,0.96,1574.0,6014.0,1058.24
Kepler-534 c,2.02,1.227,933.0,5936.0,570.659
Kepler-647 b,1.71,1.17,788.0,6020.0,1087.87
K2-390 b,19.6,4.662,1119.0,5558.0,456.122
Kepler-130 b,1.04,1.02,982.0,5884.0,316.663
Kepler-1955 b,1.69,1.16654878,853.0,5825.0,449.351
K2-154 b,4.62,1.99,715.0,4097.0,129.356
K2-392 b,4.08,1.85,,5726.0,406.985
K2-393 b,6.13,2.352,,5678.0,265.914
K2-391 b,2.45,1.371,,5543.0,507.94
Kepler-537 b,2.57,1.41,1181.0,5763.0,439.4
Kepler-1546 b,9.96,3.13,671.0,5623.0,931.956
HD 106515 A b,6006.9568923,12.1,,5362.0,34.0915
Kepler-1030 b,6.71,2.48,529.0,4983.0,758.702
TOI-205 b,6.81,2.50121142,1799.55,6302.74,177.759
TOI-5614 b,10.4,3.21759316,817.0,4553.0,223.016
TOI-3785 b,14.95,5.14,582.0,3576.0,79.7634
HATS-13 b,172.58169,13.585308,1244.0,5523.0,421.855
WASP-47 e,9.0,1.83,1992.0,5565.0,264.78
TOI-4379 b,353.74301699,16.69017226,1869.38,6020.0,645.158
K2-28 b,5.99,2.32,568.0,3214.0,62.9969
GJ 9066 c,66.74396547,9.6,,3154.0,4.471
HD 155918 b,7.62788177,2.67,,5771.84,27.561
Kepler-1866 b,4.99,2.08215108,834.0,5791.0,976.737
TOI-4582 b,168.44905571,10.53644186,614.66,5190.0,383.846
TOI-2274 b,6.57,2.45,771.46,3943.0,48.876
TOI-5153 b,1036.12060682,11.88151954,906.0,6300.0,390.484
HATS-67 b,460.8535,18.887165,2193.0,6594.0,960.109
TOI-4145 A b,136.66621501,13.30506009,1074.0,5281.0,205.387
TOI-1269 b,6.4,2.40144286,1004.9,5499.0,172.138
WASP-178 b,527.5978,20.28829,2470.0,9360.0,427.678
HD 25463 b,8.7,2.54535814,1198.46,6353.0,45.6181
HD 73583 b,10.2,2.79,714.0,4511.0,31.5666
HD 73583 c,9.7,2.39,498.0,4511.0,31.5666
Kepler-633 c,5.89,2.296,725.0,5877.0,680.54
KMT-2021-BLG-0240L b,66.74396547,9.6,,,6600.0
Kepler-397 c,31.6,6.18,295.0,5307.0,969.0
Kepler-781 b,8.7,2.89,629.0,5162.0,1064.47
Kepler-1021 b,6.04,2.33,634.0,5431.0,810.082
Gaia-1 b,533.95172376,13.77583728,1159.07,5470.0,363.66
Gaia-2 b,259.66580852,14.81827249,1213.23,5720.0,209.229
K2-366 b,6.16,2.359,,5601.0,185.947
K2-232 b,126.49634,11.209,1030.0,6154.0,130.72
Kepler-1952 b,2.07,1.23923346,725.0,5973.0,852.062
Kepler-216 c,9.48,3.04,814.0,6091.0,1187.47
HD 153950 b,937.5985,13.2,,6124.0,48.4549
Kepler-1431 b,2.76,1.47,1064.0,5806.0,1623.24
GJ 806 c,5.8,2.28,490.0,3600.0,12.0445
WASP-42 b,167.49641,12.576498,1021.0,5315.0,177.291
TOI-1775 b,96.0,8.04728896,707.89,5284.0,149.234
TOI-2796 b,139.84449908,17.26183028,1205.0,5764.0,350.343
GJ 849 b,283.82076745,13.9,,3467.0,8.80058
TOI-2136 b,6.37,2.19,395.0,3342.0,33.3631
HATS-31 b,279.6904,18.38276,1823.0,6050.0,773.974
TOI-2427 b,3.89,1.8,1117.0,4072.0,28.5147
HIP 94235 b,379.0,3.0,1060.0,5991.0,58.5146
Wolf 503 b,6.26,2.043,790.0,4716.0,44.526
Kepler-1514 c,1.74,1.1758241,1066.0,6145.0,397.292
K2-368 b,2.34,1.332,,4663.0,206.608
TOI-1670 c,200.23189641,11.06326395,684.0,6170.0,168.067
TOI-880.02,5.43,2.19,1085.0,5050.0,60.6679
WASP-123 b,285.72917,15.13212395,1500.0,5740.0,197.996
EPIC 246851721 b,953.49,11.780659,1401.0,6202.0,372.632
TOI-1268 b,96.4,9.1,918.9,5300.0,109.557
TOI-6130 b,333.71982735,14.3474953,1750.0,6110.0,220.882
TRAPPIST-1 c,1.308,1.097,339.7,2566.0,12.42988881
TOI-1269 c,5.6,2.22999162,757.0,5554.02,172.138
TRAPPIST-1 f,1.039,1.045,217.7,2566.0,12.42988881
Kepler-396 b,75.5,3.5,496.0,5656.0,223.757
K2-376 b,3.66,1.736,,5937.0,161.61
KMT-2019-BLG-1367L b,4.08,1.85,,,4670.0
TOI-500 c,5.03,2.09,,4440.0,47.3924
GJ 514 b,5.2,2.13,202.0,3728.0,7.61778
K2-34 b,539.67534,13.75,1687.0,6168.0,348.646
K2-43 c,6.44,2.42,1093.7,3840.6,182.536
EPIC 206317286 c,5.03,2.094,,4752.0,314.35
TOI-1683.01,7.45,2.6382,929.25,4402.0,51.1884
TOI-5143 c,,16.25302201,904.48,5183.0,181.38
K2-396 c,9.93,3.124,,5236.0,274.864
HD 34445 f,37.9,6.88,,5836.0,46.0907
AB Aur b,2860.455663,12.5,,9770.0,162.127
TOI-620 b,13.6,3.76,603.6,3708.0,33.0231
mu2 Sco b,4576.7290608,12.3,,21700.0,
WASP-184 b,181.1631,14.90797,1480.0,6000.0,663.231
TOI-3976 A b,55.61997123,12.27383387,1295.0,5975.0,516.087
HD 156846 b,3391.2461,12.4,,6090.0,47.7332
Kepler-399 c,2.63,1.43,630.0,5502.0,740.537
Kepler-1802 b,3.43,1.671,581.0,4245.0,636.694
K2-375 b,5.66,2.243,,5822.0,696.1
TOI-431 c,2.83,1.49,867.0,4850.0,32.5686
TOI-451 c,3.7,2.93,865.0,5490.0,123.739
TOI-451 d,10.2,3.93,714.0,5490.0,123.739
PDS 70 c,2383.7130525,22.19378179,1054.0,4109.0,113.064
WASP-171 b,344.52772,10.98482,1642.0,5965.0,757.84
HATS-42 b,597.5204,15.6926,1856.0,6060.0,800.377
WASP-151 b,100.43377661,13.30506009,1312.0,5871.0,453.099
HD 168443 c,5500.33841154,12.2,,5491.0,39.6245
HD 168443 b,2424.3950886,12.6,,5491.0,39.6245
HD 169830 b,804.42369812,13.2,345.0,6300.0,37.6048
HIP 8541 b,2451.7283316,12.6,,4672.0,155.121
WASP-130 b,390.9309,9.97601,833.0,5625.0,172.256
Kepler-1099 b,8.4,2.83,1558.0,5837.0,1022.8
Kepler-289 b,3.7,2.49,607.0,5990.0,704.438
HIP 56640 b,2151.69831539,12.7,,4769.0,122.324
HD 181234 b,2980.91262925,12.5,,5386.0,47.7458
HIP 90988 b,668.07531151,13.4,,4883.0,94.0349
KOI-94 c,15.6,4.32,1012.0,6182.0,477.052
TOI-3629 b,82.63538582,8.29464572,690.0,3870.0,130.091
TOI-1696 b,48.8,3.09,489.0,3185.0,64.9172
HD 169830 c,2437.42605328,12.6,,6300.0,37.6048
Kepler-1863 b,5.74,2.26309256,508.0,5871.0,865.546
GJ 3929 b,1.75,1.09,568.0,3384.0,15.8095
CoRoT-36 b,216.12331676,15.80466279,1567.0,6730.0,925.958
KOINTREAU-1 b,3368.9811142,12.4,,3551.0,158.618
WASP-29 b,73.1009,8.63093,970.0,4800.0,87.5953
HD 221416 b,60.5,9.17,1314.67,5080.0,95.5483
TOI-1466 b,6.65,2.46741991,1001.0,4435.39,86.5783
TIC 24750448 b,6.51,2.43722231,,4545.43,178.146
TIC 65612701 b,22.7,5.07802804,,5692.29,151.624
TIC 86380416 b,6.4,2.4123612,,5723.74,244.68
Kepler-970 b,7.31,2.609,464.0,4290.0,331.545
Kepler-475 b,6.76,2.49,980.0,5009.0,280.069
Kepler-1836 b,7.05,2.55303229,1093.0,6123.0,1472.62
HD 11343 c,255.53403923,13.9,,4672.0,155.121
HD 140901 b,15.57359194,4.07,,5610.0,15.2528
TOI-2081 b,4.82,2.04,488.0,3800.0,62.3446
Kepler-385 b,12.8,2.73,951.0,6326.0,1432.61
EPIC 201238110 b,4.16,1.87,,3587.0,159.259
Kepler-691 b,5.02,2.09,460.0,3715.0,279.115
K2-381 c,4.66,2.0,,4473.0,145.701
GJ 317 b,794.5,13.3,,3496.0,15.1968
HD 102329 b,2593.4928,12.6,,4745.0,217.107
HD 114783 b,349.6,13.7,,5135.0,21.0628
HD 116029 b,444.962,13.6,,4819.0,123.245
HD 156279 b,2997.75753482,12.5,,5453.0,36.1945
HD 33142 b,400.46379282,13.7,,5025.4,121.375
HD 95089 b,400.4658,13.7,,4918.0,136.957
HD 99706 b,390.9309,13.7,,4862.0,146.6
GJ 1132 b,1.83704819,1.19151465,583.8,3229.0,12.613
GJ 1132 c,2.91,1.52,300.0,3090.0,12.613
GJ 317 c,454.49462201,13.6,,3496.0,15.1968
HD 33142 c,282.86728223,13.9,,5025.4,121.375
HD 95089 c,1096.5135,13.1,,4918.0,136.957
HD 99706 c,1808.4527,12.8,,4891.0,146.6
HD 102329 c,483.1016,13.5,,4830.0,217.107
HD 116029 c,403.6441,13.7,,4951.0,123.245
HD 156279 c,3098.82696825,12.5,,5453.0,36.1945
HD 114783 c,603.8739733,13.4,,5135.0,21.0628
eps Ind A b,2425.03074541,12.6,275.0,4760.0,3.63857
HD 95338 b,42.9,4.27174254,443.0,5097.0,36.9941
TOI-481 b,486.2799,11.09691,1370.0,5735.0,179.366
TOI-201 b,164.0,11.4,759.0,6423.0,113.825
COCONUTS-2 b,2383.7130525,12.57647635,493.0,3552.0,10.8864
K2-370 b,11.1,2.67,1267.0,5662.0,144.202
HD 33142 d,63.5656814,9.32,,5025.4,121.375
TOI-4465 b,1872.00931723,14.01122587,427.0,5545.0,121.139
TOI-201 d,5.8,1.39,1237.0,6423.0,113.825
2MASS J0249-0557 c,3616.88727166,17.37392009,1723.0,2859.0,66.0613
TOI-201 c,4990.0,10.4,,6423.0,113.825
HD 135344 A b,3178.28407,16.25302201,1585.0,9540.0,141.595
Kepler-324 c,6.2,3.15,410.0,5194.0,501.574
Kepler-462 b,53.9,3.0,611.0,7500.0,596.625
Kepler-462 c,6.0,4.0,453.0,7500.0,596.625
Kepler-324 b,2414.4,1.14,935.0,5194.0,501.574
KOI-1831 d,2.23,1.13,475.0,5233.0,501.574
Kepler-324 e,235.014,2.03862444,635.0,5191.0,501.574
Kepler-332 b,1.71,1.17,703.0,4955.0,344.19
Kepler-1041 b,8.96,2.94,644.0,5957.0,1485.82
Kepler-1578 b,1.12,1.04,1700.0,5545.0,1064.05
Kepler-1966 b,1.39,1.10479327,733.0,5009.0,484.601
KMT-2021-BLG-1689L b,46.0,7.71,,4570.0,7200.0
Kepler-819 b,8.05,2.76,485.0,5279.0,664.306
Kepler-887 c,1.51,1.13,1089.0,6194.0,886.588
Kepler-306 d,6.66,2.47,535.0,4954.0,775.679
Kepler-177 c,14.7,8.73,497.0,5732.0,1435.44
Kepler-635 b,7.46,2.64,802.0,6174.0,1141.08
Kepler-1083 b,11.2,3.36,448.0,5049.0,902.633
Kepler-79 d,6.0,7.16,592.0,6174.0,1020.72
Kepler-195 c,3.02,1.55,469.0,5329.0,652.051
Kepler-1661 b,17.0,3.87,243.0,5100.0,410.607
HATS-25 b,194.82979,14.12334,1277.0,5715.0,471.158
TOI-2180 b,875.61726129,11.32107051,348.0,5695.0,116.685
HD 27894 b,196.73578393,14.1,,4875.0,43.8214
Kepler-212 b,1.32,1.09,830.0,5852.0,687.194
Kepler-195 b,4.78,2.03,751.0,5329.0,652.051
K2-83 c,2.8,1.483,,3910.0,125.529
Kepler-24 d,293.959,1.67,1305.0,5897.0,1156.81
Kepler-15 b,209.76,10.76,1251.0,5515.0,739.412
Kepler-83 d,4.1,1.94,569.0,4648.0,400.409
Kepler-143 c,11.3,3.37,703.0,5848.0,809.467
Kepler-1116 b,6.99,2.54,488.0,5641.0,1008.57
HD 141399 d,375.0394,13.7,,5600.0,37.0169
TOI-1718 b,15.8,4.10824994,948.0,5304.91,52.3044
Kepler-159 c,11.5,3.41,275.0,4625.0,373.744
HD 184010 d,143.02278315,14.3,,4971.0,60.7993
KOI-7913 b,6.08,2.34,432.0,4324.0,271.277
Kepler-54 d,12.0946,1.53,328.0,4252.0,271.701
YZ Cet d,1.09,1.03,356.7,3151.0,3.71207
Kepler-1608 b,3.64,1.73,612.0,4992.0,832.0
Kepler-152 b,8.2,2.79,551.0,5088.0,441.09
HD 125612 b,945.22168242,13.2,,5900.0,57.6207
Kepler-1641 c,9.01,2.95,767.0,6152.0,860.37
K2-45 b,36.4,6.71,1073.56,4103.0,495.317
HD 68475 b,1639.99458012,12.8,,5022.0,33.4297
TrES-3 b,607.03,14.975,1638.0,5650.0,231.337
Kepler-968 c,3.5,1.69,644.0,4598.0,290.324
HD 23472 c,3.41,1.87,467.0,4684.0,39.0341
WASP-105 b,572.094,10.76064,900.0,5070.0,169.272
WASP-91 b,425.8922,11.54527,1160.0,4920.0,149.942
HD 62364 c,7923.46218651,12.0,,6255.0,53.112
GJ 3222 b,11.44182265,3.4,,5257.46,18.23817
Kepler-1463 b,4.12,1.86,619.0,5679.0,1687.47
Kepler-712 c,21.0,4.85,236.0,5148.0,872.493
Kepler-1948 b,1.09,1.03283226,399.0,3872.0,193.903
Kepler-146 c,9.96,3.13,473.0,5948.0,716.797
Kepler-711 b,11.5,3.41,487.0,5222.0,624.575
Kepler-1080 b,10.8,3.28,548.0,5956.0,1382.82
WASP-113 b,150.96925,15.793481,1496.0,5890.0,435.156
Kepler-248 c,15.6,4.07,598.0,5190.0,738.792
HD 133131 A c,133.4886,14.3,,5799.0,51.4736
Kepler-1319 b,2.36,1.34,557.0,3655.0,103.917
Kepler-678 b,23.1,5.14,833.0,5520.0,1826.15
Kepler-1535 b,7.04,2.55,384.0,6021.0,897.733
Kepler-39 b,6388.1,13.9,897.0,6350.0,1057.41
Kepler-1532 b,2.39,1.35,1681.0,5559.0,798.246
Kepler-808 b,2.73,1.46,1322.0,4653.0,321.0
KELT-10 b,215.80657,15.681391,1377.0,5948.0,188.404
WASP-119 b,390.9309,15.6926,1600.0,5650.0,302.448
WASP-69 b,82.58,11.21,971.0,4792.0,49.9605
WASP-94 A b,158.915,17.71022,1604.0,6170.0,211.211
TOI-682.01,13.5,3.74186,1090.0,5085.0,83.1548
HD 23472 d,0.55,0.75,909.0,4684.0,39.0341
HD 23472 f,0.77,1.137,630.0,4684.0,39.0341
Kepler-335 c,9.64,3.07,592.0,5877.0,1278.97
HD 168863 b,2154.87659946,12.7,,4905.0,39.8979
LP 890-9 b,13.2,1.32,396.0,2850.0,32.4298
TIC 161045582 b,5.67,2.24566738,,5683.87,162.246
TIC 198190129 b,8.87,2.92284949,,4377.53,130.035
TIC 294329732 b,4.97,2.07692266,,5201.93,189.333
Kepler-94 c,3126.0,12.5,,4781.0,191.904
14 And b,1131.15130051,13.1,,4888.0,75.4392
TOI-5174 b,24.8,5.351,808.37,5643.77,197.243
Kepler-966 b,16.0,4.13,391.0,5840.0,1027.8
EPIC 220492298 b,0.937,0.99,,5620.0,624.512
HATS-28 b,213.58176,13.383546,1253.0,5498.0,535.383
HATS-29 b,207.54299,14.022459,1212.0,5670.0,353.891
WASP-54 b,187.5197,17.71022,1759.0,6100.0,251.303
HD 63935 b,10.5,2.91575244,825.22,5513.0,48.9739
TOI-1820 b,731.0053361,12.778238,1375.0,5734.0,248.504
TOI-2158 b,260.61929374,10.76062147,1188.0,5673.0,198.473
HD 184010 b,98.52680617,12.1,,4971.0,60.7993
HD 184010 c,95.3485221,11.8,,4971.0,60.7993
Kepler-260 c,3.68,1.74,372.0,5250.0,627.365
Kepler-140 c,3.89,1.8,428.0,6077.0,583.859
HATS-15 b,689.6911,12.385945,1505.0,5311.0,1139.55
TOI-2128 b,4.5,2.08874836,780.53,5968.0,36.578
MASCARA-1 b,1175.971,17.90074218,2594.3,7490.0,182.273
Kepler-14 b,2669.66,12.733,1605.0,6395.0,798.0
K2-24 c,15.4,7.5,542.0,5625.0,170.562
WASP-129 b,317.83,10.42437,1100.0,5900.0,301.462
WASP-124 b,190.698,13.89916,1400.0,6050.0,448.637
TOI-5160 b,6.33,2.39729851,1016.0,5622.14,151.465
Kepler-941 b,9.69,3.08,722.0,5539.0,1088.36
Kepler-85 c,2.15,1.978,706.0,5505.2,765.025
Kepler-734 b,12.4,3.56,784.0,5326.0,1157.21
GJ 2030 b,4.76742611,2.03,,5485.0,37.0788
KELT-9 b,915.3504,21.196219,4050.0,10170.0,204.455
NGTS-1 b,258.07796,14.90797,790.0,3916.0,218.121
HIP 21152 b,7627.881768,12.0,1300.0,6655.0,43.4073
TOI-1260 b,8.56,2.41,871.0,4227.0,73.5977
Kepler-599 b,8.45,2.84,623.0,5127.0,558.517
HATS-52 b,711.9392,15.490838,1834.0,6010.0,555.134
HATS-53 b,189.10885,15.02006,1312.0,5644.0,585.77
WASP-139 b,37.18611,8.9672,910.0,5310.0,212.472
WASP-142 b,266.9772,17.14977,2000.0,6010.0,730.933
Kepler-1203 b,1.2,1.06,1188.0,4105.0,317.022
TOI-969 c,3591.4609991,12.4,96.4,4435.0,77.2554
47 UMa c,171.621,14.2,,5872.0,13.7967
61 Vir d,22.9,5.11,,5577.0,8.50332
61 Vir b,5.1,2.11,,5577.0,8.50332
K2-413 c,2.05,1.2327,,4116.0,285.162
K2-414 c,4.38,1.9287,,4343.0,260.036
Kepler-1720 b,10.4,3.21585295,697.0,5573.0,629.445
TOI-1260 d,11.84,3.12,499.0,4227.0,73.5977
TOI-1260 c,13.2,2.76,651.0,4227.0,73.5977
TOI-969 b,9.1,2.765,941.0,4435.0,77.2554
HD 147513 b,385.0,13.7,,5883.0,12.9032
HD 160691 c,1398.4449908,,,5773.0,15.5981
GJ 1002 b,1.08,1.03,230.9,3024.0,4.84867
Kepler-1727 b,10.2,3.17321625,757.0,5349.0,894.187
ITG 15 b,6674.396547,12.1,2601.0,,136.37
Kepler-531 b,8.15,2.78,453.0,4893.0,252.762
Kepler-1182 b,6.39,2.41,796.0,5924.0,1545.39
KELT-19 A b,1293.5681,21.40919,1935.0,7500.0,300.276
KELT-21 b,1242.7153,17.777474,2051.0,7598.0,470.878
HD 37124 b,214.53525,14.0,,5698.64,31.6634
Kepler-513 b,5.48,2.2,623.0,5849.0,468.258
HD 330075 b,152.5584,14.3,990.0,5000.0,45.2989
Kepler-1329 b,5.35,2.17,577.0,4500.0,588.037
K2-61 b,4.35,1.92,1325.0,5748.0,405.732
Kepler-825 c,4.04,1.84,981.0,5976.0,807.85
Kepler-382 b,2.3,1.32,1166.0,5600.0,935.446
K2-165 c,3.03,1.55409035,,5185.0,134.591
WASP-138 b,387.7526,12.21781,1590.0,6272.0,414.234
XO-6 b,1398.452,23.20263,1577.0,6720.0,235.479
Qatar-3 b,1369.8473,12.285064,1681.0,6007.0,735.601
HD 114082 b,2542.627256,11.2089807,,6651.0,95.3906
55 Cnc d,1232.493,13.0,,5198.0,12.5855
Kepler-1191 b,2.89,1.51,952.0,5308.0,955.536
Kepler-1891 b,2.93,1.52139156,1017.0,5516.0,596.24
WASP-53 b,677.61356,12.038466,1053.0,4953.0,201.338
WASP-53 c,5196.5205,,,4953.0,201.338
K2-198 b,16.3,4.189,715.8,5212.9,110.567
Kepler-1456 b,1.55,1.14,433.0,4231.0,370.312
Kepler-529 b,4.12,1.86,1662.0,6087.0,799.008
11 UMi b,4684.8142,12.3,,4213.0,125.321
Kepler-835 b,8.2,2.79,921.0,5954.0,2406.33
Kepler-1666 c,10.5,3.23564749,578.0,6293.0,1379.37
Kepler-690 b,29.6,5.95,964.0,5913.0,1665.31
Kepler-136 b,19.8,2.05,951.0,6165.0,420.818
Kepler-775 b,1.81,1.19,1612.0,5468.0,398.676
KIC 10068024 b,635.656814,13.4,,6118.4,721.105
HATS-34 b,299.07803,16.02887,1445.0,5380.0,508.842
HATS-35 b,388.38826,16.409976,2037.0,6300.0,514.555
WASP-81 b,231.69807,16.017661,1623.0,5870.0,398.505
Kepler-357 b,4.04,1.84,793.0,5036.0,688.573
Kepler-23 d,4.44,2.206,896.0,5828.0,835.756
Kepler-1510 b,11.2,3.36,537.0,6200.0,1696.25
Kepler-1324 b,2.89,1.51,895.0,4776.0,481.667
KIC 3526061 b,5768.58558705,12.1,,4829.0,401.229
Kepler-110 b,4.01,1.83,1008.0,5960.0,586.531
K2-325 b,5.48,2.2,423.0,3287.0,111.638
Kepler-716 c,2.52,1.39281536,992.0,5012.0,635.009
Kepler-1850 b,0.313,0.72909663,1008.0,4239.0,250.199
HD 163607 b,249.051588,13.9,,5522.0,67.7855
K2-38 b,7.3,1.54,1266.0,5731.0,192.69
K2-38 c,8.3,2.29,916.0,5731.0,192.69
KELT-1 b,8654.15,12.442,2361.0,6516.0,268.43
HATS-50 b,123.9537,12.66617,1275.39,5990.0,756.742
WASP-153 b,123.9537,17.37395,1700.0,5914.0,610.176
Kepler-1365 b,0.721,0.92,969.0,5770.0,840.128
HD 170469 b,209.7678,14.1,,5842.0,60.178
Kepler-341 d,4.08,1.85,622.0,6012.0,1047.03
Kepler-977 b,7.37,2.62,544.0,5315.0,568.751
HD 98219 b,624.21812,13.4,,4925.0,113.704
HAT-P-31 b,721.4741,12.21781,1450.0,6065.0,344.05
WASP-131 b,86.76715511,13.74221034,1460.0,5990.0,200.075
AU Mic e,21.1,4.87,,3665.0,9.7221
KELT-16 b,874.0325,15.860735,2453.0,6236.0,444.586
GJ 393 b,1.71,1.17,485.0,3579.0,7.03149
Kepler-1933 b,1.76,1.17984089,1058.0,5661.0,328.007
Kepler-1641 b,9.85,3.11,908.0,6152.0,860.37
GJ 687 b,17.2,4.32,,3413.0,4.54939
Kepler-23 b,2.56,1.638,1157.0,5828.0,835.756
Kepler-554 b,17.0,4.29,1346.0,5447.0,690.525
HD 159868 c,244.09344,14.0,,5534.0,55.8503
TOI-2525 b,26.69758619,8.67575106,512.97,5096.0,395.398
GJ 1151 c,10.62,3.25,,3280.0,8.03625
TOI-277 b,7.51,2.65,587.92,4031.0,64.6692
NGTS-23 b,194.82881349,14.20177855,1327.0,6057.0,1074.95
TOI-700 e,0.818,0.953,272.9,3459.0,31.1265
NGTS-4 b,20.6,3.18,1650.0,5143.0,280.555
TOI-669 b,10.0,2.58606487,1124.85,5597.0,142.867
Kepler-1331 b,1.16,1.05,1244.0,4508.0,319.197
Kepler-1246 b,2.42,1.36,554.0,4611.0,436.505
Kepler-287 b,83.0,2.33,667.0,5806.0,835.86
Kepler-432 c,772.3269,13.3,,4995.0,848.023
HD 102843 b,113.9,13.1,,5436.0,62.758
K2-155 b,3.89,1.8,708.0,4258.0,72.7998
Kepler-162 c,9.43,3.03,681.0,5816.0,855.641
TOI-1695 b,6.36,1.9,698.0,3690.0,45.1309
TOI-181 b,46.1687,6.9559,895.1,4994.0,96.2338
TOI-3235 b,211.35589065,11.39953337,604.0,3388.8,72.811
KMT-2021-BLG-2294L b,22.24798849,5.02,,,6800.0
K2-155 d,4.27,1.9,381.0,4258.0,72.7998
Kepler-1443 b,0.871,0.97,1602.0,6289.0,593.646
Kepler-48 c,14.61,2.71,736.0,5194.0,306.738
Kepler-138 e,0.43,0.797,292.0,3841.0,66.8624
HD 160691 e,2224.798849,,,5773.0,15.5981
HD 3651 b,72.46524,10.1,,5221.0,11.1336
ups And c,4443.24112986,12.3,,6156.77,13.4054
Kepler-1369 b,7.7,2.69,667.0,5761.0,1236.56
V1298 Tau b,13.1,9.41,666.0,4970.0,108.199
GJ 1002 c,1.36,1.1,181.7,3024.0,4.84867
Kepler-138 c,2.3,1.51,410.0,3841.0,66.8624
Kepler-138 b,0.07,0.64,452.0,3841.0,66.8624
KOINTREAU-3 b,1080.6165838,13.1,,3920.0,140.563
Kepler-1644 b,4.19,1.88,606.0,5499.0,629.27
Kepler-1249 b,6.26,2.38,647.0,6202.0,1904.54
WASP-78 b,352.7913,21.63337,2469.7,6100.0,754.258
WASP-39 b,89.31023,14.336311,1166.0,5485.0,213.982
WASP-36 b,750.39663,14.874343,1733.0,5959.0,386.346
HD 191939 d,2.8,2.995,540.0,5348.0,53.6089
TOI-700 c,7.27,2.6,356.0,3459.0,31.1265
TOI-700 b,0.704,0.914,417.0,3459.0,31.1265
TOI-700 d,1.25,1.073,268.8,3459.0,31.1265
KIC 9663113 b,19.2,4.6,264.0,6065.0,1594.74
Kepler-12 b,137.30256,19.660586,1480.0,5947.0,881.386
HAT-P-24 b,238.3725,14.5717,1637.0,6373.0,415.344
Kepler-792 b,4.5,1.96,852.0,5971.0,1425.47
Kepler-539 b,308.2951,8.373123,387.6,5820.0,307.318
K2-165 d,7.5,2.64809498,629.38,5185.0,134.591
Kepler-1254 c,2.24,1.3,927.0,4985.0,622.818
Kepler-1674 b,10.4,3.2057749,417.0,5473.91,1012.48
WASP-189 b,632.47852993,18.14733975,3353.0,8000.0,99.731
WASP-41 b,270.1555,12.3299,1244.0,5545.0,163.371
Kepler-255 c,9.22,2.99,807.0,5573.0,1052.53
Kepler-1238 b,4.38,1.93,1389.0,6386.0,1632.13
Ross 176 b,4.57,1.84,682.0,4041.0,46.4488
TOI-5422 b,8899.195396,9.10169233,1369.0,5820.0,346.141
Kepler-5 b,670.93913,15.984034,1750.0,6297.0,899.777
WASP-18 c,55.2,8.58,,6400.0,123.483
TOI-1743 b,4.01,1.83,485.0,3277.0,41.2758
Proxima Cen d,0.26,0.692,282.0,2900.0,1.30119
HAT-P-2 c,3400.7639549,12.4,,6412.0,127.774
HATS-41 b,3082.951,14.90797,1710.0,6424.0,737.668
Kepler-933 b,6.62,2.46,602.0,5346.0,1017.2
Kepler-1240 b,1.6,1.15,1121.0,5682.0,862.186
K2-80 c,2.76,1.47,,5441.0,200.802
Kepler-891 b,33.6,6.41,486.0,5887.0,2340.58
Kepler-1605 b,1.28,1.08,528.0,5280.0,546.23
HD 80913 b,7505.2000029,12.0,,6013.24,61.3603
TOI-4406 b,95.3485221,11.2089807,904.0,6219.0,261.834
PZ Tel b,8581.366989,11.9,,5169.0,47.0648
TOI-2589 b,1112.3994245,12.10569916,592.0,5579.0,200.273
Kepler-598 c,9.4,3.02420941,367.0,5245.0,681.086
HAT-P-29 b,279.6904,13.11453,1281.0,6087.0,313.576
Kepler-288 d,7.61,2.67,570.0,5918.0,1194.15
Kepler-264 c,8.4,2.83,511.0,6158.0,942.173
Kepler-1786 b,10.1,3.16305828,501.0,5808.0,863.909
Kepler-1119 b,4.35,1.92,938.0,6083.0,1757.23
Kepler-49 d,235.982,1.6,717.0,4252.0,311.222
GJ 687 c,16.0,4.14,,3413.0,4.54939
Kepler-1465 b,3.78,1.77,668.0,4726.0,359.497
Kepler-1844 b,9.46,3.03648191,1074.0,5776.0,1804.36
Kepler-1036 b,9.32,3.01,326.0,5533.0,489.435
Kepler-358 b,7.85,2.72,554.0,5908.0,1101.1
TOI-2096 c,4.32,1.914,349.0,3300.0,48.4809
TOI-2096 b,2.08,1.243,445.0,3300.0,48.4809
TOI-4603 b,4096.80816623,11.67975789,1677.0,6264.0,225.643
HD 169142 b,953.485221,13.1,,7246.0,113.6
TOI-1811 b,308.9292116,11.14172682,962.2,4766.0,128.23
TOI-2025 b,1144.1822652,11.89272852,1166.0,5977.0,335.985
Kepler-1179 b,2.3,1.32,1137.0,5212.0,415.205
Kepler-1544 b,3.82,1.78,269.0,4886.0,335.09
TOI-2152 A b,899.45439181,14.35870428,1802.0,6630.0,303.006
Kepler-457 d,9.19,2.98467257,1008.0,6474.0,1072.3
Kepler-868 b,4.86,2.05,1047.0,5614.0,1593.13
TOI-2497 b,1531.93292174,11.14172682,1595.0,7360.0,285.289
Kepler-355 c,7.8,2.71,633.0,6184.0,1432.17
Kepler-1299 b,9.17,2.98,588.0,5609.0,1404.94
Kepler-381 d,1.23,1.0667865,1387.0,6197.0,267.323
Kepler-1806 b,6.15,2.35560189,729.0,5311.0,978.066
Kepler-1570 b,1.24,1.07,836.0,5550.0,918.995
Kepler-232 c,14.0,3.83,806.0,5847.0,1349.13
KIC 5479689 b,158.9142035,14.2,,5459.1,454.95
Kepler-1759 b,0.676,0.9037791,954.0,5017.0,385.348
Kepler-225 c,4.04,1.84,412.0,3682.0,561.101
Kepler-833 b,4.74,2.02,382.0,4339.0,467.37
Kepler-321 b,3.78,1.77,1042.0,5740.0,384.542
Kepler-973 b,4.5,1.96,402.0,5213.0,328.52
Kepler-243 b,6.57,2.45,850.0,5228.0,693.86
Kepler-308 b,5.14,2.12,833.0,5895.0,1335.92
HD 97037 b,6707.76852973,12.1,,5874.1,32.413
Kepler-776 b,2.18,1.28,904.0,5071.0,727.904
TIC 279401253 b,1951.46641898,11.2089807,,5951.0,285.584
WASP-103 b,473.547,17.127,2508.0,6110.0,375.647
Kepler-1226 b,2.7,1.45,809.0,5923.0,1125.72
Kepler-1048 b,3.22,1.61,619.0,4651.0,556.006
WASP-73 b,908.9938,15.91678,1790.0,6030.0,316.678
HATS-44 b,177.9848,11.960003,1161.0,5080.0,446.035
HATS-45 b,222.481,14.414774,1518.0,6450.0,772.11
Kepler-1260 b,3.78,1.77,823.0,5961.0,1734.43
K2-141 b,4.97,1.51,2103.0,4570.0,61.8736
Kepler-367 c,1.87,1.2,357.0,4710.0,188.027
Kepler-176 e,0.52075,1.45,398.0,5295.0,527.321
Kepler-194 c,7.22,2.59,815.0,6089.0,1097.97
WASP-61 b,851.7844,15.80469,1624.4,6250.0,488.66
HD 80606 b,1323.46926959,11.56766808,405.0,5565.0,66.4711
HAT-P-6 b,419.5356,16.58932,1675.0,6570.0,275.358
Kepler-465 b,9.01,2.95,996.0,6310.0,553.077
Kepler-1475 b,8.85,2.92,441.0,6214.0,1568.38
HATS-46 b,54.98459,10.121727,1054.0,5495.0,453.808
HATS-7 b,38.1396,6.310667,1084.0,4985.0,240.707
Kepler-1756 b,2.77,1.47199944,1093.0,4915.0,
Kepler-20 e,0.76,0.821,1004.0,5495.0,282.563
Kepler-102 e,4.7,2.17,590.0,4909.0,107.796
Kepler-107 d,7.7,0.86,1173.0,5854.0,525.997
Kepler-1960 b,2.26,1.30749704,1547.0,6371.0,1527.56
Kepler-1007 b,2.67,1.44,652.0,4587.0,365.0
Kepler-659 b,6.8,2.5,513.0,4870.0,722.64
Kepler-1290 b,2.6,1.42,1098.0,5660.0,1593.7
HD 40956 b,858.141,13.2,,4869.0,116.593
Kepler-1244 b,2.39,1.35,1839.0,6680.0,1075.81
HD 50499 b,519.96988,13.5,,6102.0,46.2845
Kepler-374 b,1.08,1.03,1761.0,5977.0,1265.61
2MASS J22501512+2325342 b,9534.85221,11.9,1600.0,3352.0,57.2309
HAT-P-15 b,616.5902,11.88154,904.0,5568.0,192.516
K2-12 b,5.2,2.44,1026.0,5672.0,326.381
Kepler-78 b,1.68,1.201,2223.0,5058.0,124.376
Kepler-1420 b,2.18,1.28,806.0,5187.0,1054.37
WASP-58 b,308.2951,16.02887,1270.0,5800.0,290.404
K2-136 d,3.0,1.565,420.0,4500.0,59.2474
K2-415 b,7.5,1.015,412.4,3173.0,21.8182
TOI-733 b,5.72,1.992,1055.8,5585.0,75.2092
HAT-P-23 b,664.237,15.334,2056.0,5905.0,364.813
HAT-P-57 b,448.1403,19.50366,2200.0,6330.0,279.86
KELT-15 b,416.3573,19.50366,1642.0,6003.0,324.683
HAT-P-17 b,184.3414,11.76945,800.0,5246.0,92.3831
HD 114386 b,464.02947422,13.6,,4836.0,27.9243
HAT-P-17 c,1080.6,13.1,,5336.96,92.3831
HAT-P-4 b,213.255,14.28,1686.0,5860.0,320.451
Kepler-20 c,11.1,2.894,828.0,5495.0,282.563
WASP-71 b,441.7837,13.22662,2016.1,6050.0,362.715
HD 15337 c,6.792,2.526,656.1,5131.0,44.8155
K2-136 c,18.1,3.0,470.0,4500.0,59.2474
Kepler-68 d,267.0,13.9,,5847.0,144.166
HD 80653 b,5.72,1.613,2463.0,5959.0,109.86
HD 3167 c,11.13,3.0,564.0,5261.0,47.2899
HD 3167 b,4.97,1.67,1774.0,5261.0,47.2899
HD 3167 d,4.33,1.92,859.5,5261.0,47.2899
HAT-P-49 b,699.226,17.82231,2131.0,6820.0,350.351
HD 147873 c,731.009,13.3,,5972.0,109.055
Kepler-857 b,37.2,6.8,390.0,5773.0,983.502
HATS-12 b,759.6137,7.76,1446.0,6357.0,746.138
EPIC 211945201 b,11.0,5.76,817.0,6069.0,181.69
K2-188 c,8.4,2.83,1026.0,5977.0,446.821
K2-108 b,59.4,5.33,1360.0,5599.0,477.295
Kepler-1025 b,4.58,1.98,1654.0,6089.0,803.776
Kepler-1666 b,8.66,2.88273782,672.0,6293.0,1379.37
Kepler-1924 b,7.53,2.65446572,821.0,5726.0,1910.77
K2-127 b,52.9,8.37,809.0,4575.0,709.999
WASP-144 b,139.8452,9.52765,1260.0,5200.0,355.513
Kepler-107 e,14.1,2.903,955.0,5854.0,525.997
Kepler-68 b,8.03,2.357,1275.0,5847.0,144.166
Kepler-997 b,2.42,1.36,1709.0,6150.0,467.568
HD 99109 b,139.8452,14.3,,5282.0,54.7901
WASP-158 b,886.7457,11.99363,1590.0,6350.0,524.993
WASP-145 A b,282.8687,10.0881,1200.0,4900.0,91.299
WASP-159 b,174.8065,15.46842,1850.0,6120.0,715.383
HD 89345 b,34.9613,7.39794,1089.0,5576.0,132.345
CoRoT-20 c,5403.11,12.2,,5880.0,844.061
NGTS-2 b,235.1942,17.878355,1468.0,6478.0,356.391
Kepler-1562 b,12.3,3.55,554.0,5760.0,2060.72
K2-117 b,4.78,2.03,868.0,3778.0,101.632
Kepler-1110 b,7.56,2.66,609.0,4781.0,726.828
HD 153557 b,20.34101805,4.77,,4837.0,17.9412
Kepler-1170 b,6.39,2.41,705.0,5069.0,1050.45
WASP-162 b,1652.716,11.209,910.0,5300.0,310.841
WASP-172 b,149.3801,17.59813,1740.0,6900.0,538.11
Kepler-392 b,0.972,1.0,1125.0,5938.0,681.428
K2-188 b,2.39,1.35,1692.0,5977.0,446.821
Kepler-194 b,2.89,1.51,1648.0,6089.0,1097.97
Kepler-157 d,2.73,1.46,969.0,5866.0,773.713
Kepler-323 c,6.8,1.57,1431.0,6004.0,454.883
Kepler-236 c,4.66,2.0,329.0,3750.0,288.763
LHS 3154 b,13.15,3.69,,2861.0,15.7606
Kepler-664 b,7.56,2.66,1406.0,5754.0,1210.12
HATS-9 b,266.02371,13.85,1746.0,5599.0,638.7
Kepler-157 c,5.65,2.24,779.0,5774.0,773.713
Kepler-947 b,5.82,2.28,573.0,5508.0,1730.78
Kepler-758 e,2.96,1.53,1144.0,6228.0,1502.32
Kepler-679 b,9.32,3.01,677.0,5403.0,922.244
WASP-147 b,87.40325,12.498035,1404.0,5702.0,436.098
Kepler-1907 c,1.63,1.15547044,620.0,5159.0,292.111
Kepler-934 b,5.02,2.09,384.0,5001.0,608.738
Kepler-102 c,1.7,0.567,777.0,4909.0,107.796
Kepler-102 b,1.1,0.46,857.0,4909.0,107.796
Kepler-1521 b,6.8,2.5,391.0,5042.0,206.983
Kepler-189 c,22.7,2.38,544.0,5235.0,591.534
TOI-159 b,1110.0,18.18,1891.0,7287.0,347.593
Kepler-107 c,10.0,1.597,1378.0,5854.0,525.997
Kepler-1468 c,1.6,1.15,1448.0,5893.0,1899.24
K2-266 b,11.26782377,3.3,1515.0,4285.0,77.5586
Kepler-1371 b,0.315,0.73,1015.0,5361.0,515.334
Kepler-202 c,4.08,1.85,505.0,4668.0,285.111
K2-266 d,8.9,2.93,538.3,4285.0,77.5586
K2-266 e,14.3,2.73,490.1,4285.0,77.5586
Kepler-271 b,2.04,1.23,759.0,5555.0,404.542
Kepler-20 f,1.4,0.952,681.0,5495.0,282.563
Kepler-102 f,4.3,0.861,495.0,4909.0,107.796
Kepler-122 e,27.7,2.6,618.0,6050.0,1027.45
Kepler-974 b,3.09,1.57,577.0,3687.0,134.311
GJ 676 A d,3.81394088,1.78,,3734.0,16.0272
Kepler-218 b,2.79,1.48,1156.0,5502.0,656.38
NGTS-3 A b,756.4354,16.58932,1434.44,5600.0,743.972
K2-238 b,273.3338,14.5717,1587.0,5630.0,537.963
WASP-106 b,613.40882551,12.10569916,1140.0,6002.0,352.181
TrES-1 b,266.9772,12.66617,1140.0,5230.0,159.658
Qatar-1 b,411.27202,12.811887,1418.0,5013.0,185.615
Kepler-1387 b,0.749,0.93,1123.0,5046.0,455.358
Kepler-234 b,13.2,3.7,1420.0,6224.0,1733.1
Kepler-525 b,7.41,2.63,832.0,5573.0,992.852
CoRoT-20 b,1366.669,9.41556,1024.0,5880.0,844.061
HD 18438 b,6674.396547,12.1,,3860.0,224.146
Kepler-1205 b,2.57,1.41,1667.0,5226.0,698.485
Kepler-1067 c,3.7,1.74682428,973.0,5594.0,667.693
EPIC 201841433 b,1.12,1.04,,5053.0,436.488
HATS-64 b,305.1168,18.819911,1793.0,6554.0,1080.15
HATS-65 b,260.93843,16.824709,1634.0,6277.0,493.32
K2-80 b,4.7,2.01,,5441.0,200.802
Kepler-1222 b,0.418,0.79,1246.0,5239.0,415.218
K2-285 d,6.5,2.48,619.9,4975.0,154.961
K2-285 e,10.7,1.95,500.9,4975.0,154.961
HATS-60 b,210.40346,12.923977,1528.0,5688.0,486.474
Kepler-359 b,12.2,3.53,671.0,6248.0,1443.21
Kepler-1876 b,2.4,0.853,1299.0,6104.0,259.935
Kepler-22 b,9.1,2.1,279.0,5596.0,194.642
WASP-165 b,209.13214,14.12334,1624.0,5599.0,602.236
HD 4313 b,612.45841,13.4,,4943.0,136.308
Kepler-1056 b,9.32,3.01,590.0,6127.0,982.51
Kepler-1554 b,8.75,2.9,288.0,5297.0,946.847
HATS-59 b,256.17098,12.621334,1128.0,5670.0,642.884
TIC 62895484 b,12.0,3.49391667,,5520.79,294.857
TIC 188624430 b,12.9,3.64811843,,5369.46,300.743
Kepler-1107 b,2.36,1.34,1897.0,5268.0,428.798
HD 457 b,8445.3364308,11.9,,6114.04,55.0375
HD 112640 b,1589.15,12.9,,4155.0,323.335
Kepler-1969 b,3.47,1.68161001,999.0,6046.0,1204.54
Kepler-996 b,4.58,1.98,1272.0,6014.0,1216.58
TOI-172 b,1722.6386,10.816685,1198.0,5645.0,342.831
K2-85 b,3.2,1.4,1355.0,4232.0,97.2179
Kepler-48 f,298.5809968,13.8,,5190.0,306.738
Kepler-1385 b,0.543,0.85,1423.0,5732.0,688.795
Kepler-8 b,187.5197,15.871944,1680.0,6213.0,1021.87
K2-291 b,6.49,1.589,1278.0,5520.0,90.0562
HAT-P-25 b,180.84527,12.722215,1182.0,5519.0,300.384
GJ 328 c,21.4,4.91,,3897.0,20.5266
K2-181 b,7.7,2.69,949.0,5528.0,360.911
Kepler-1039 b,2.73,1.46,2080.0,4870.0,306.91
HATS-69 b,183.38791,10.592505,1295.7,5137.0,414.537
HATS-68 b,410.0007,13.809488,1741.0,6147.0,603.955
Kepler-1383 b,2.57,1.41,928.0,6370.0,1027.21
Kepler-800 b,8.5,2.85,675.0,5315.0,1019.26
GJ 4276 b,16.57,4.22,,3387.0,21.3362
Kepler-1484 b,5.1,2.11,624.0,5730.0,2879.83
WASP-161 b,791.3967,12.811887,1557.0,6400.0,343.08
Kepler-172 e,8.05,2.76,550.0,5526.0,828.592
Kepler-1864 b,0.353,0.75408365,1156.0,5854.0,298.894
HATS-70 b,4100.007,15.513256,2730.0,7930.0,1458.83
K2-36 b,4.3,1.43,1328.0,4916.0,109.749
Kepler-538 b,12.9,2.215,417.0,5534.0,155.956
K2-36 c,7.9,3.2,854.0,4916.0,109.749
Kepler-281 d,654.0,5.93747806,321.0,5717.0,1745.45
HD 1397 b,131.89945,11.500434,1228.3,5521.0,79.5702
Kepler-988 b,4.94,2.07,368.0,4005.0,304.889
K2-285 b,9.68,2.59,1088.9,4975.0,154.961
Kepler-1694 b,1.76,1.17986031,956.0,4954.0,513.329
Kepler-526 b,4.62,1.99,1099.0,5894.0,666.146
Kepler-109 b,4.9,2.49,1276.0,5950.0,474.861
K2-245 b,17.4,4.34,923.0,5793.0,456.064
Kepler-159 b,6.26,2.38,447.0,4625.0,373.744
Kepler-859 b,9.75,3.09,528.0,5020.0,839.903
WASP-140 b,775.5052,14.23540549,1270.0,5300.0,117.598
KMT-2022-BLG-1818L c,114.41822652,13.2,,,5300.0
K2-18 b,8.92,2.37,284.0,3457.0,38.0266
HAT-P-35 b,335.62848,14.930388,1581.0,6096.0,506.965
Kepler-208 d,1.87,1.2,999.0,6092.0,775.328
Kepler-1129 c,7.9,2.73,503.0,5831.0,1183.88
HD 12235 b,10.48833743,3.23,,5986.0,31.7627
Kepler-364 b,3.02,1.55,753.0,6108.0,891.462
Kepler-524 b,4.31,1.91,974.0,6014.0,1058.24
Kepler-221 e,7.86706,2.63,582.0,5243.0,385.231
HD 10180 g,3375.33768234,,,5911.0,38.9607
HR 8799 d,3000.0,13.0,1300.0,7204.58,41.2441
HAT-P-14 b,1093.3352,15.91678,1624.0,6600.0,222.663
Kepler-37 b,0.79,0.3098,718.0,5357.0,63.9207
Kepler-1189 b,3.78,1.77,1158.0,6012.0,782.852
Kepler-401 d,5.77,2.27,380.0,6184.0,965.56
GJ 422 b,11.07,3.33,,3323.0,12.6631
WASP-164 b,676.9779,12.643752,1610.0,5806.0,327.506
K2-110 b,15.9,2.592,638.0,5010.0,116.474
Kepler-563 b,9.75,3.09,546.0,5066.0,565.207
Kepler-1042 b,5.43,2.19,574.0,4815.0,659.0
HD 2685 b,371.8611,16.14096,2061.0,6801.0,196.852
Kepler-25 b,8.7,2.748,1185.0,6354.0,243.249
KELT-23 A b,298.12454,14.829507,1561.0,5899.0,126.261
TOI-1416 b,3.48,1.62,1517.0,4884.0,55.0135
TOI-2498 b,34.62,6.06,1443.0,5905.0,275.265
Kepler-1528 b,2.73,1.46,1549.0,5857.0,817.534
Kepler-1436 b,2.27,1.31,1001.0,5972.0,2530.62
GJ 180 c,6.4,2.41,,3371.0,11.9407
HATS-24 b,718.2958,15.636555,2166.0,6125.0,494.182
HAT-P-9 b,238.05467,15.614137,1540.0,6350.0,455.203
HAT-P-36 b,587.413406,14.313893,1780.97,5620.0,294.419
HD 56414 b,13.3,3.71,1133.0,8500.0,272.217
TOI-2000 c,81.7,8.14,1038.0,5611.0,175.713
TOI-139 b,6.6,2.4566,561.17,4570.0,42.4061
Kepler-1621 b,5.31,2.16,469.0,6158.0,1631.66
Kepler-1478 b,3.64,1.73,598.0,5904.0,1845.58
Kepler-203 c,749.9,2.47,1096.0,5821.0,703.302
Kepler-221 b,5.95575,1.71,1090.0,5243.0,385.231
NGTS-5 b,72.78307,12.733424,952.0,4987.0,306.779
TIC 349520724 b,8.38,2.82626313,,5098.6,241.105
Kepler-386 b,2.51,1.39,651.0,5178.0,882.462
Kepler-1502 b,10.2,3.18,608.0,6666.0,1514.02
Qatar-9 b,378.2177,11.309881,1134.0,4309.0,213.771
Kepler-1591 b,2.15,1.27,892.0,6082.0,1419.58
Kepler-160 c,13.6,3.76,771.0,5471.0,937.013
Kepler-1057 b,11.2,3.36,724.0,5987.0,1201.82
Kepler-115 b,1.32,1.09,1489.0,5979.0,623.609
Kepler-527 b,8.45,2.84,1157.0,6388.0,750.04
Kepler-1011 b,8.6,2.87,920.0,5416.0,736.779
GJ 1061 c,1.81,1.19,,2953.0,3.67278
Kepler-1600 b,9.96,3.13,209.0,5214.0,1030.81
Kepler-49 c,8.38,2.444,443.0,4095.6,311.222
KMT-2020-BLG-0414L b,1.87,1.2,,,1220.0
Kepler-717 b,6.44,2.42,1139.0,5485.0,2805.48
Kepler-1566 b,0.418,0.79,1871.0,5254.0,466.586
Kepler-1022 b,6.17,2.36,512.0,4445.0,420.042
HD 75784 b,317.83,13.8,,4867.0,85.4321
Kepler-1321 d,7.41,2.62843782,509.0,3640.0,769.146
Kepler-1340 b,3.02,1.55,2174.0,6331.0,981.779
Kepler-411 d,15.2,3.319,410.0,4974.0,153.676
Kepler-411 c,26.4,4.421,838.0,4974.0,153.676
Kepler-742 b,10.6,3.24,690.0,4642.0,489.253
Kepler-936 b,2.7,1.45,867.0,5482.0,823.399
K2-295 b,106.47305,10.054473,852.0,4444.0,232.801
Kepler-748 b,6.9,2.52,938.0,5934.0,1705.99
TOI-2459 b,9.03,2.9531,445.01,4195.0,36.6113
HATS-18 b,629.144485,14.896761,2069.48,5600.0,624.368
Kepler-1349 b,0.271,0.7,1668.0,6086.0,276.323
Kepler-1627 b,13.2,3.69,794.0,5445.0,317.437
Kepler-394 d,2.86,1.50066814,1165.0,6398.0,1058.72
Kepler-1601 b,0.477,0.82,1507.0,5869.0,644.456
Kepler-1751 b,3.98,1.82417378,984.0,6052.0,1291.47
K2-133 e,3.64,1.73,296.0,3655.0,75.1703
K2-308 b,70.6,9.916,1213.76,6100.0,1314.53
DS Tuc A b,413.179,5.7,850.0,5428.0,44.0622
Kepler-283 c,3.97,1.82,240.0,4351.0,468.094
Kepler-1086 b,6.53,2.44,433.0,4350.0,466.084
Kepler-25 c,15.2,5.217,934.0,6354.0,243.249
Kepler-1023 b,7.41,2.63,524.0,5494.0,694.175
Kepler-1497 b,3.39,1.66,924.0,5675.0,1122.0
Kepler-981 b,5.95,2.31,1103.0,5718.0,878.082
K2-3 d,2.2,1.458,305.2,3844.0,44.0727
TOI-411 c,9.72,2.328,931.0,6169.0,62.7792
Kepler-436 c,6.04,2.33,503.0,4685.0,588.867
HD 175167 b,4703.8604236,12.3,,5635.0,71.0863
HD 74698 b,23.0,5.12,,5783.0,52.0648
TOI-1680 b,2.75,1.466,404.0,3225.0,37.2209
Kepler-1743 b,3.18,1.59887007,1144.0,5855.0,538.807
K2-173 b,3.22,1.60826194,,5580.0,228.641
WASP-181 b,95.03117,13.271456,1186.0,5839.0,437.495
Kepler-583 b,5.82,2.28,1017.0,5523.0,867.271
Kepler-1770 b,8.45,2.84141754,699.0,5602.0,582.942
Kepler-987 b,10.7,3.26,351.0,5637.0,914.126
Kepler-385 d,7.36,2.6186448,535.0,5829.0,1432.61
WASP-84 c,15.2,1.95,1329.0,5280.0,100.588
Kepler-1201 b,5.86,2.29,789.0,6177.0,944.241
Kepler-1540 b,6.76,2.49,266.0,4540.0,244.96
HAT-P-70 b,2154.8874,20.96083,2562.0,8450.0,330.739
Kepler-176 c,1.33,2.6,633.0,5232.0,527.321
HD 96700 c,3.5,1.69,,5845.0,25.4111
Kepler-1568 b,2.24,1.3,729.0,5956.0,916.313
HATS-58 A b,327.3649,12.273855,1721.0,7175.0,403.591
WASP-169 b,178.30263,14.616536,1604.0,6110.0,627.066
K2-147 b,2.77,1.47286006,1077.0,3690.0,90.5494
Kepler-247 d,14.7,3.94,530.0,5100.0,663.711
Kepler-1552 b,6.66,2.47,268.0,5202.0,769.096
K2-3 c,2.68,1.582,371.8,3844.0,44.0727
K2-3 b,5.11,2.078,501.3,3844.0,44.0727
HIP 81208 C b,4703.8604236,12.3,2050.0,,147.533
LkCa 15 c,,,,4194.0,158.152
Kepler-1542 c,0.208,0.65,1287.0,5564.0,399.114
HD 30856 b,491.68301,13.5,,4895.0,131.199
Kepler-173 c,6.48,2.43,956.0,6031.0,833.165
TOI-163 b,387.7526,16.690201,1669.0,6495.0,411.719
Kepler-1445 b,0.84,0.96,987.0,6150.0,506.357
Kepler-1095 b,1.92,1.21,1108.0,5658.0,792.522
Kepler-1123 b,3.43,1.67,1061.0,5500.0,704.323
NGTS-8 b,295.5819,12.21781,1345.0,5241.0,428.976
TOI-2084 b,6.66,2.47,527.0,3551.0,114.549
Kepler-1371 c,0.196,0.64,1216.0,5361.0,515.334
TOI-411 b,13.71,1.362,1241.0,6169.0,62.7792
HD 219134 c,4.36,1.511,782.0,4699.0,6.53127
HD 219134 f,7.3,1.31,522.6,4699.0,6.53127
HD 219134 h,108.0622,12.7,,4913.0,6.53127
Kepler-1877 b,0.179,0.624086,1278.0,5615.0,285.312
Kepler-331 c,4.04,1.84,425.0,4347.0,580.119
Kepler-543 b,6.8,2.5,521.0,4671.0,221.802
HD 150010 b,762.7881768,13.3,,4153.0,144.49
Kepler-1105 b,4.7,2.01,729.0,4299.0,318.004
Kepler-1311 b,2.07,1.24,1019.0,5748.0,866.331
K2-58 c,3.26,1.62,,5413.0,181.746
Kepler-1449 b,3.46,1.68,867.0,5979.0,2006.48
HD 38801 b,3082.31534,12.5,,5338.0,91.4349
Kepler-389 c,2.73,1.46,636.0,5376.0,816.559
Kepler-147 c,6.48,2.43,689.0,6012.0,1042.02
GJ 1265 b,7.4,2.63,,3236.0,10.2525
Kepler-604 b,7.22,2.59,637.0,5890.0,1026.49
TOI-2000 b,11.0,2.7,1488.0,5611.0,175.713
HD 62364 b,5965.63919939,12.1,,6255.0,53.112
BD-210397 b,214.0,14.0,,4051.0,23.7324
Kepler-92 c,6.1,2.6,781.0,5883.0,477.992
Kepler-1635 b,12.9,3.64,200.0,5347.0,1069.45
Kepler-667 b,20.1,4.73,516.0,5327.0,2302.45
Kepler-1709 b,9.93,3.12424875,472.0,5918.0,273.946
K2-158 c,2.18,1.28,948.0,5503.0,197.299
HD 135625 b,731.0053361,13.3,,6040.64,56.518
HD 108202 b,953.485221,13.1,,4556.03,38.6846
HD 185283 b,413.1769291,13.6,,4848.0,31.395
Kepler-167 b,3.6,1.718,918.0,4884.0,341.908
Kepler-127 c,7.56,2.66,698.0,6106.0,352.794
Kepler-111 c,222.4798849,7.0840758,352.2,5914.0,657.223
Kepler-890 b,58.6,8.89,540.0,5954.0,1712.12
Kepler-175 b,7.08,2.56,827.0,6064.0,1312.34
WASP-175 b,314.6517,13.540472,1571.0,6229.0,539.36
WASP-182 b,47.03884,9.52765,1479.0,5638.0,327.602
Kepler-374 c,1.37,1.1,1467.0,5977.0,1265.61
K2-43 b,18.5,4.51,939.3,3840.6,182.536
Kepler-557 b,7.61,2.67,1281.0,6068.0,2097.12
Kepler-1904 b,2.51,1.3904994,567.0,3805.0,270.854
HATS-47 b,117.27927,12.520453,852.9,4512.0,300.67
Kepler-186 e,2.15,1.27,319.0,3788.0,177.594
Kepler-1902 b,1.74,1.17563613,601.0,3729.0,344.337
Kepler-747 b,24.1,5.27,456.0,5096.0,3347.16
DH Tau b,3496.0,30.2643,2200.0,4371.0,134.846
TOI-1052 b,16.9,2.87,1135.0,6146.0,129.804
GJ 3998 d,6.07,2.34,,3726.0,18.1459
HIP 5763 b,162.09248757,14.2,,4352.0,31.9043
Kepler-1044 b,7.61,2.67,1058.0,5985.0,1278.96
HATS-48 A b,77.23269,8.9672,954.6,4546.0,263.609
HATS-49 b,112.19399,8.574885,834.8,4405.0,324.413
HATS-72 b,39.855882,8.0973816,739.3,4656.1,127.589
Kepler-316 b,1.2,1.06,837.0,4204.0,384.938
Kepler-1085 c,10.7,3.26817741,491.0,5816.0,1364.53
Kepler-1585 b,3.86,1.79,1064.0,5538.0,944.465
Kepler-1856 b,3.66,1.73447868,1344.0,4948.0,848.76
Kepler-116 b,11.6,3.42,1251.0,6142.0,955.168
Kepler-1958 b,4.86,2.05124311,806.0,5749.0,1320.38
TOI-169 b,251.40353,12.172974,1715.0,5880.0,407.84
HD 12648 b,622.9468,13.4,,4835.0,182.192
Kepler-1301 b,2.54,1.4,734.0,5188.0,854.28
HD 112300 b,5031.22368281,12.2,,3657.0,62.07324
HD 36384 b,2097.6674862,12.7,,3940.0,209.309
HD 216437 b,1334.8793094,13.0,,5909.0,26.6902
HD 28254 b,1207.7479466,13.0,,5664.0,55.2884
Kepler-1695 b,1.46,1.11948901,957.0,5473.19,791.175
NGTS-9 b,921.707,11.99363,1448.0,6330.0,609.128
Qatar-6 b,212.31044,11.903958,1006.0,5052.0,100.848
HD 213885 b,8.83,1.745,2128.0,5978.0,48.0883
Kepler-1103 b,5.77,2.27,736.0,6092.0,1331.92
NGTS-11 b,109.33352,9.157753,435.0,5050.0,190.422
CoRoT-10 b,874.0,10.87,600.0,5075.0,338.386
TOI-1728 b,26.78,5.05,767.0,3980.0,60.798
TOI-4201 b,788.21444936,13.67495645,725.0,3794.0,189.011
LHS 475 b,0.941,0.991,586.0,3300.0,12.4814
GJ 367 c,4.13,1.86,,3522.0,9.41263
TOI-2095 c,7.4,1.33,297.0,3759.0,41.9176
HD 44219 b,184.34047606,14.1,,5752.0,52.9051
HIP 70849 b,1430.2278315,12.9,,4105.0,24.0572
HD 158259 b,2.22,1.28228,1462.0,5801.89,27.0498
HD 158259 d,5.41,2.18,,5801.89,27.0498
Kepler-184 b,6.17,2.36,780.0,5788.0,610.326
HD 158259 e,6.08,2.34,,5801.89,27.0498
HD 158259 f,6.14,2.35,,5801.89,27.0498
Kepler-1112 b,9.38,3.02,918.0,6496.0,1671.28
Kepler-345 c,2.2,1.2,575.0,4504.0,260.0
HD 99492 b,25.5,5.44,,4929.0,18.2038
HIP 65 A b,1021.18779,22.75427,1411.0,4590.0,61.7856
GJ 832 b,314.65012293,13.8,,3472.0,4.96435
HIP 54597 b,762.7881768,13.3,,4799.0,39.7429
HD 73256 c,5085.254512,12.2,,5570.0,36.708
HD 190007 b,15.5,4.06,,4610.0,12.7141
HD 99492 c,17.9,4.42,,4929.0,18.2038
KMT-2020-BLG-0202L b,3902.93283796,12.4,,,3840.0
KMT-2023-BLG-0466L b,1032.94232275,13.1,,,6800.0
Kepler-1820 b,9.9,3.11883067,561.0,5841.0,1425.39
Kepler-993 b,9.11,2.97,352.0,3843.0,324.423
Kepler-261 c,4.66,2.0,505.0,5098.0,317.499
Kepler-1560 b,0.64,0.89,1269.0,5815.0,502.497
HD 213885 c,19.95,4.71,1265.4,5978.0,48.0883
WASP-126 b,90.3,10.51358773,1480.0,5800.0,216.526
XO-7 b,225.34147,15.389957,1743.0,6250.0,234.149
WASP-176 b,271.74465,16.869545,1721.0,5941.0,568.42
Kepler-233 c,7.8,2.71,390.0,5360.0,856.417
Kepler-218 d,7.56,2.66,356.0,5542.0,656.38
TOI-5486 b,14.9,3.96824928,752.0,3750.17,89.6811
Kepler-1360 b,11.5,3.4,933.0,6778.0,1516.27
EPIC 220554210 c,3.19,1.6,,5499.0,496.289
Kepler-270 b,4.7,2.01,984.0,6067.0,948.781
Kepler-215 d,23.6,2.39,527.0,5739.0,485.997
Kepler-1867 b,1.65,1.15985997,768.0,5693.0,680.583
HD 20782 b,472.83,13.6,,5782.13,35.9864
Kepler-48 b,3.94,1.88,932.0,5194.0,306.738
Kepler-1380 b,2.63,1.43,786.0,5570.0,2462.94
Kepler-693 b,73.8,10.18,600.0,4881.0,1151.51
K2-54 b,7.33,2.6116925,560.0,3990.0,174.955
eps Tau b,2285.18624633,12.7,,4877.0,47.52852
81 Cet b,1051.05854195,13.1,,4734.0,101.26
Kepler-1416 b,0.615,0.88,1870.0,6019.0,949.59
Kepler-292 e,7.61,2.67,678.0,5299.0,1056.48
Kepler-653 b,4.46,1.95,819.0,5665.0,595.634
WASP-187 b,254.264,18.38276,1760.0,6150.0,371.414
GJ 433 d,5.223,2.14,,3461.0,9.06456
TOI-540 b,0.674,0.903,611.0,3216.0,14.0022
nu Oph b,7057.73298,12.0,,4887.0,46.2107
HD 5608 b,371.22357938,13.7,,4807.0,58.1105
Kepler-1485 b,2.76,1.47,728.0,6087.0,615.66
Kepler-1134 b,7.46,2.64,611.0,5281.0,944.445
HD 173416 b,585.12209729,13.4,,4683.0,132.184
HD 210702 b,481.5100366,13.6,,4912.0,54.1963
HD 202206 c,5689.157,12.2,,5766.0,45.9665
Kepler-769 c,3.86,1.79,803.0,6186.0,1169.57
Kepler-1900 b,3.27,1.62314676,1356.0,6173.0,1540.43
Kepler-1466 b,3.02,1.55,585.0,5884.0,631.949
TOI-251 b,317.83,2.74,1041.19,5875.0,99.523
K2-124 b,8.75,2.9,442.0,3570.0,140.385
Kepler-322 b,1.01,1.01,1373.0,5388.0,400.48
Kepler-1317 b,3.05,1.56,1796.0,5144.0,728.303
Kepler-1673 b,8.93,2.9355194,611.0,6014.95,727.187
Kepler-740 b,18.9,4.57,1131.0,5438.0,1442.02
EPIC 201754305 d,1.08,1.03,,4761.0,334.967
xi Aql b,616.90493799,13.4,,4841.0,56.1858
TOI-954 b,55.30242,9.550068,1526.0,5710.0,238.768
Kepler-567 b,5.69,2.25,611.0,5148.0,558.81
11 Com b,4914.89848585,12.2,,4874.0,93.1846
HD 180314 b,7216.92963775,12.0,,4917.0,122.362
18 Del b,2926.24614325,12.5,,4980.0,76.222
LHS 1903 d,5.96,2.5,442.0,3664.0,35.6917
Kepler-888 b,3.75,1.76,417.0,5875.0,420.817
4 UMa b,2511.48007211,12.6,,4415.0,73.4603
6 Lyn b,597.83523357,13.4,,4941.0,54.6599
HIP 19976 b,21.61233168,4.94,,4316.0,40.2707
HD 89744 b,2653.8805,12.6,,6291.0,38.6364
Kepler-648 b,10.5,3.22,674.0,5741.0,636.03
Kepler-1744 b,13.6,3.76754004,532.0,5986.0,1091.63
HIP 12961 b,114.4188,13.2,,3901.0,23.371
HD 141004 b,13.63483866,3.77,,5885.38,11.8148
HD 189567 c,7.0,2.54,,5726.0,17.9055
BD+37 3172 b,3368.9811142,12.4,,4500.0,454.251
Kepler-95 b,13.0,3.42,927.0,5699.0,445.656
Kepler-1670 b,11.2,3.3564801,731.0,5838.0,2065.98
Kepler-1308 b,0.0933,0.52,662.0,3468.0,112.705
Kepler-404 c,3.61,1.72,678.0,5654.0,812.524
HD 120084 b,2034.1018048,12.7,,4879.0,103.044
HD 14067 b,4862.7746271,12.2,,4815.0,142.024
HD 208897 b,379.48711796,13.7,,4860.0,67.4872
Kepler-1400 b,3.26,1.62,725.0,5044.0,752.237
HD 96992 b,362.3262,13.7,,4725.0,396.082
Kepler-326 d,6.9,1.21,781.0,5105.0,487.675
TOI-712 b,4.85,2.049,650.0,4622.0,58.6212
TOI-712 d,6.68,2.474,313.6,4622.0,58.6212
Kepler-1514 b,1678.1424,12.419572,387.9,6145.0,397.292
V2376 Ori b,6356.56814,87.20586985,2100.0,,
Kepler-129 c,43.0,2.52,525.0,5770.0,408.845
TOI-905 b,211.99261,13.125739,1192.0,5570.0,158.649
K2-73 c,1142.0,13.0,186.1,5867.0,269.183
Kepler-1795 b,3.4,1.66301611,520.0,4500.0,
TIC 237913194 b,617.22586,12.520453,974.0,5788.0,306.063
Kepler-512 b,7.7,2.69,652.0,5997.0,467.375
NGTS-13 b,1538.2972,12.800678,1605.0,5819.0,647.595
HD 72490 b,561.92344,13.5,,4934.0,126.339
Kepler-1468 d,11.1,3.33187146,819.0,5794.0,1899.24
HD 75898 b,810.46243785,13.2,,6122.0,78.0505
Kepler-1459 b,2.42,1.36,349.0,4828.0,455.479
Kepler-1769 b,18.2,4.465,483.0,6071.0,438.412
gam Lib c,1662.56039702,12.8,,4879.0,47.4017
24 Boo b,280.64248338,13.9,,4816.0,95.9863
KOI-351 f,8.65,2.88,407.0,6080.0,848.254
Kepler-1615 b,4.9,2.06,658.0,5865.0,1393.83
TOI-1238 b,3.76,1.21,1133.0,4089.0,70.7145
HD 47366 b,661.71874337,13.4,,4866.0,84.3552
HD 47366 c,483.73483545,13.5,,4866.0,84.3552
HATS-71 b,117.5971,11.478016,586.8,3405.0,140.225
HD 4732 b,631.2072163,13.4,,4898.0,54.7841
omi CrB b,355.96781584,13.7,,4769.0,84.7883
HD 4732 c,1069.49258955,13.1,,4898.0,54.7841
Kepler-351 d,7.85,2.72,318.0,5225.0,1083.91
GJ 251 b,3.85,1.79,336.0,3342.0,5.58057
Kepler-1931 b,7.53,2.65323514,619.0,6167.0,620.091
HAT-P-62 b,241.86741773,12.02723629,1512.0,5629.0,348.815
HAT-P-63 b,195.1466419,12.5428494,1237.0,5400.0,403.458
Kepler-570 b,6.57,2.45,1009.0,5496.0,568.148
Kepler-1396 b,4.94,2.07,786.0,6195.0,1066.46
Kepler-1165 c,11.2,3.36093385,644.0,6249.0,1575.2
Kepler-640 b,7.08,2.56,609.0,5653.0,557.787
Kepler-893 b,9.43,3.03,1034.0,5820.0,1285.59
K2-138 d,7.92,2.39,888.0,5356.3,202.585
HD 103949 b,11.2,3.35,,4792.0,26.4997
75 Cet b,787.89662095,13.3,,4809.0,82.9613
omi UMa b,1160.39151396,13.0,,5075.0,54.9149
Kepler-722 c,8.35,2.82,401.0,5863.0,1239.5
K2-138 e,12.97,3.39,757.0,5356.3,202.585
K2-138 f,1.63,2.904,653.0,5356.3,202.585
Kepler-170 b,82.6,3.2,899.0,5679.0,738.657
Kepler-1542 e,0.363,0.76,1065.0,5564.0,399.114
Kepler-789 b,5.14,2.12,1419.0,5870.0,1480.16
Kepler-328 c,39.4,5.4,475.0,6064.0,2213.19
K2-32 d,6.7,3.484,550.0,5271.0,157.682
K2-32 b,15.0,5.299,837.0,5271.0,157.682
Kepler-299 b,2.3,1.32,1258.0,5617.0,1052.24
K2-154 c,4.94,2.07,552.0,4097.0,129.356
K2-32 c,8.1,3.134,634.0,5271.0,157.682
Kepler-1821 b,7.24,2.59248115,644.0,5475.0,799.699
ome Ser b,233.92170755,14.0,,4724.0,76.7556
HD 2952 b,284.77425267,13.9,,4853.0,110.103
HD 164922 b,116.0,13.3,159.4,5390.0,22.0016
K2-100 b,21.8,3.88,1841.0,5945.0,188.959
HIP 71135 b,18.8,4.55,,4146.0,32.3311
Kepler-55 f,3.15,1.59,559.0,4503.0,578.796
Kepler-1073 d,2.82,1.48770949,1369.0,5509.0,809.897
Kepler-804 c,1.55,1.14,890.0,5817.0,649.65
GJ 15 A b,3.03,1.55,550.0,3607.0,3.56228
Kepler-135 c,1.65,1.16,975.0,6090.0,621.855
K2-138 g,4.32,3.013,445.0,5356.3,202.585
TOI-1231 b,15.4,3.65,329.6,3553.0,27.6227
HD 73526 b,978.9164,13.1,,5601.0,97.2396
Kepler-959 b,17.6,4.38,1912.0,7005.0,807.729
TOI-1062 b,10.15,2.265,1077.0,5328.0,82.1733
Kepler-1304 b,5.86,2.29,715.0,5259.0,2176.08
PH2 b,87.08498352,9.33708092,295.1,5734.0,343.863
Kepler-1043 b,7.04,2.55,532.0,5629.0,903.332
Kepler-156 c,7.04,2.55,588.0,5094.0,443.483
TOI-257 b,43.86032017,7.16253867,1027.0,6095.0,76.9028
Kepler-168 b,2.73,1.46,1240.0,6282.0,1343.6
TOI-5126 c,14.2,3.86,971.0,6150.0,160.414
TOI-5126 b,20.2,4.74,1442.0,6150.0,160.414
Kepler-1708 b,1462.0106722,9.96,,6157.0,1666.69
TOI-1749 d,15.0,2.52,533.0,3985.0,99.5561
TOI-674 b,23.6,5.25,635.0,3514.0,46.0851
Kepler-1310 b,2.67,1.44,1883.0,5549.0,569.185
TOI-1062 c,9.78,3.1,859.0,5328.0,82.1733
TOI-5605 b,6.92,2.52611303,669.0,4583.79,95.0735
HD 154857 b,778.6835,13.3,,5589.0,63.4482
Kepler-1404 b,4.7,2.01,596.0,5261.0,962.183
K2-99 c,2669.7586188,12.6,390.0,6069.0,519.229
TOI-269 b,8.8,2.77,531.0,3514.0,57.0225
Kepler-902 b,6.99,2.54,556.0,5647.0,1165.34
Kepler-894 b,8.15,2.78,896.0,5603.0,1162.91
TOI-628 b,2011.8639,11.88154,1586.0,6250.0,178.68
HD 64121 b,813.64072192,13.2,,5078.0,129.966
HAT-P-58 b,118.2321674,14.93036229,1622.0,6078.0,515.59
HAT-P-59 b,489.45574678,12.58768533,1277.8,5678.0,265.471
Kepler-213 c,6.08,2.34,1060.0,5696.0,634.939
Kepler-1561 b,1.32,1.09,1682.0,5957.0,839.076
Kepler-1338 b,0.721,0.92,2124.0,5909.0,753.26
Kepler-53 d,37.1907,2.12,870.0,6085.0,1366.07
TOI-2202 c,117.27868218,13.4,,5144.0,235.933
TOI-199 c,88.99195396,11.4,,5255.0,102.27
75 Cet c,289.85950718,13.9,,4809.0,82.9613
Kepler-542 b,3.09,1.57,698.0,5526.0,436.016
Kepler-394 c,3.39,1.66,901.0,6402.0,1058.72
HD 213240 b,1655.88600047,12.8,,5979.0,40.8707
Kepler-1640 b,20.7,4.82,1228.0,6324.0,1859.78
Kepler-1423 b,1.2,1.06,741.0,4939.0,449.0
GJ 724 b,10.75,3.27,611.0,3799.0,16.9658
GJ 4274 c,8.39,2.83,,3228.0,7.23556
TOI-5398 b,58.7,10.3,947.0,6000.0,130.855
61 Vir c,18.2,4.46,,5577.0,8.50332
HAT-P-43 b,210.395,13.63,1353.0,5693.0,528.825
HD 110067 c,6.3,2.388,699.0,5266.0,32.1585
HD 110067 f,5.04,2.601,489.0,5266.0,32.1585
Kepler-1512 b,1.76,1.18,322.0,4372.0,162.0
Kepler-825 b,2.96,1.53,1270.0,5976.0,807.85
Kepler-245 c,26.7,2.18,568.0,5100.0,861.527
Kepler-1233 b,7.27,2.6,604.0,6198.0,1178.7
Kepler-1398 b,0.666,0.9,1510.0,6126.0,852.204
TOI-2184 b,206.58846455,11.39953337,1676.05,5966.0,788.317
14 Her b,2828.6728223,12.5,,5338.0,17.9323
USco1621 b,5085.28,12.2,2270.0,3460.0,137.901
Kepler-607 b,0.59,0.87,1874.0,5196.0,519.122
HD 110067 b,5.69,2.2,800.0,5266.0,32.1585
GJ 3988 b,3.69,1.74,348.0,3273.0,9.9105
Kepler-1784 b,8.24,2.79936489,724.0,5442.0,883.045
TOI-5777 b,9.78,3.09551273,602.0,4408.03,114.277
TOI-6080 b,11.0,3.32424168,919.33,5775.46,188.183
TOI-2104 b,2.95,1.52898127,846.0,4856.13,76.7418
Kepler-1019 b,2.73,1.46,1164.0,4433.0,194.182
HD 134606 d,44.8,7.59,,5576.0,26.7909
HD 134606 b,9.09,2.97,,5576.0,26.7909
TOI-2257 b,5.45,2.194,256.0,3430.0,57.7911
Kepler-97 b,3.51,1.48,1328.0,5779.0,400.907
Kepler-1230 b,7.8,2.71,946.0,5961.0,1364.22
Kepler-300 b,3.43,1.67,812.0,5986.0,1098.45
HD 134606 e,2.34,1.33,,5576.0,26.7909
K2-75 c,8.1,2.77,,5995.0,561.93
TOI-2134 b,9.13,2.69,666.0,4580.0,22.6202
TOI-544 c,21.5,4.92,,4169.0,41.1166
TOI-2134 c,41.89,7.27,306.0,4580.0,22.6202
K2-275 b,6.08,2.34,1166.0,4841.0,123.438
HD 47186 b,22.2481,5.02,,5657.0,37.4574
Kepler-1024 b,14.5,3.91,376.0,5143.0,1087.4
Kepler-1559 b,0.299,0.72,1609.0,5316.0,614.827
Kepler-1725 b,8.31,2.8125177,767.0,6020.0,558.652
Kepler-155 c,5.65,2.24,286.0,4508.0,293.499
Kepler-307 b,7.44,2.43,797.0,5367.0,575.581
Kepler-755 c,2.13,1.26,1016.0,5043.0,399.034
HATS-75 b,156.05374784,9.90873894,772.3,3790.4,194.964
HAT-P-55 b,189.42573057,14.84069045,1367.0,5804.0,511.388
HAT-P-51 b,97.57332095,13.50682174,1168.2,5453.0,440.089
Kepler-1637 b,0.64,0.89,1093.0,5789.0,567.187
Kepler-708 b,8.91,2.93,1221.0,5692.0,1394.22
TIC 172900988 b,942.0,11.25,,6050.0,250.956
BD-08 2823 b,2948.49413174,,,4816.0,41.3342
HD 10180 c,2741.58783878,,,5911.0,38.9607
HD 112570 b,1086.97315194,13.1,,4750.0,101.166
Kepler-836 b,7.9,2.73,869.0,5895.0,980.035
Kepler-178 b,8.75,2.9,846.0,5676.0,716.025
TOI-3362 b,1598.3590588,12.80065596,688.0,6532.0,366.987
Kepler-1348 b,4.42,1.94,636.0,5911.0,1213.82
Kepler-984 b,5.14,2.12,484.0,5610.0,460.188
TOI-1839 b,5.56,2.21895097,1405.35,5315.91,116.086
GPX-1 b,6261.2196179,16.47720163,2300.0,7000.0,655.013
TOI-559 b,1910.14872607,12.22899794,1180.0,5925.0,233.266
TOI-530 b,127.1313628,9.30345398,565.0,3659.0,148.762
Kepler-907 b,1.87,1.2,879.0,6106.0,352.0
Kepler-823 b,3.09,1.57,1277.0,5643.0,1389.27
HD 154391 b,2892.2385037,12.5,,4909.0,100.947
HD 63433 d,1.25,1.073,1040.0,5688.0,22.4035
Kepler-647 c,15.1,4.00135002,644.0,5906.74,1087.87
K2-153 b,4.66,2.0,497.0,3845.0,143.125
Kepler-1082 b,1.46,1.12,1827.0,5923.0,739.557
TOI-1431 b,991.62462984,16.70138124,2370.0,7690.0,148.925
WASP-76 b,284.13859586,20.78145022,2228.0,6329.0,194.459
WASP-95 b,457.6752,13.78707,1570.0,5830.0,137.544
TOI-4551 b,473.56432643,11.85910158,1655.0,4896.0,215.986
HD 219666 b,17.6,4.898,1076.0,5540.0,94.1719
HD 192310 c,24.0,5.25,185.0,5166.0,8.79687
HD 195019 b,1264.9634,13.0,,5751.0,37.6681
Kepler-334 b,1.46,1.12,1090.0,5828.0,426.59
Kepler-139 e,378.0,13.7,,5622.0,391.038
Kepler-1196 b,5.6,2.23,436.0,5756.0,922.333
Kepler-333 b,28.2,1.32,480.0,4259.0,324.413
Kepler-562 b,23.7,5.21,658.0,5575.0,992.769
Kepler-1671 b,2.32,1.32557381,962.0,5135.55,357.059
Kepler-1158 b,6.08,2.34,1079.0,6203.0,1484.25
HD 110067 g,8.4,2.607,440.0,5266.0,32.1585
HD 88986 b,17.2,2.49,460.0,5861.0,33.2673
TOI-4377 b,304.1617855,15.10970598,1162.08,4974.0,455.82
Kepler-57 b,25.06,3.135,850.0,5187.9,644.14
Kepler-461 b,7.18,2.58,886.0,5634.0,692.158
HD 24085 b,11.8,3.46,,6034.0,54.9004
Kepler-1843 b,7.8,2.70909809,772.0,5422.0,784.625
Kepler-1184 b,7.65,2.68,529.0,5983.0,1157.84
TOI-1860 b,2.27,1.31,1885.0,5752.0,45.864
TOI-2260 b,3.26,1.62,2609.0,5534.0,101.251
Kepler-1018 b,7.18,2.58,498.0,5518.0,1010.01
HD 69830 c,11.8,3.46,,5385.0,12.5591
HD 10647 b,298.75,13.8,,6218.0,17.3357
HD 219134 b,4.74,1.602,1015.0,4699.0,6.53127
TOI-2092 b,9.0,2.94892961,1042.0,5842.06,176.759
Proxima Cen b,1.055,1.02,218.0,2900.0,1.30119
HD 104067 c,13.2,3.69,,4952.0,20.3632
HATS-2 b,435.42491759,12.57647635,1550.0,5227.0,341.925
TOI-782 b,19.1,2.734,435.0,3370.0,52.5122
K2-250 b,7.81,2.71257333,1003.0,5003.0,414.708
Kepler-1852 b,4.22,1.88610592,760.0,5237.0,772.481
Kepler-881 b,3.82,1.78,1217.0,5961.0,1375.18
Kepler-1294 b,10.3,3.19,401.0,5776.0,1855.7
HD 153557 c,17.48056238,4.36,,4837.0,17.9412
Kepler-1255 b,5.99,2.32,694.0,6018.0,1617.07
M62H b,785.03616529,,,,
TOI-1136 d,8.35,4.627,843.0,5770.0,84.5362
Kepler-127 b,2.54,1.4,884.0,6106.0,352.794
Kepler-1736 b,14.3,3.8765856,566.0,6085.0,1430.0
GJ 9827 b,4.28,1.44,1035.01,4236.0,29.661
Kepler-532 b,7.13,2.57,620.0,5192.0,312.798
Kepler-1871 b,6.44,2.42172881,1403.0,5741.0,854.623
Kepler-1457 b,4.62,1.99,478.0,5866.0,889.885
Teegarden's Star b,1.16,1.05,277.0,3034.0,3.83078
Teegarden's Star c,1.05,1.02,209.0,3034.0,3.83078
TOI-1136 f,9.7,3.73591482,658.0,5770.0,84.5362
TOI-1448 b,19.5,2.749,426.0,3412.0,73.3345
TOI-2120 b,6.8,2.122,384.0,3131.0,32.1755
TOI-2337 b,508.5254512,10.08808263,1272.46,4780.0,536.046
TOI-4329 b,143.02278315,16.81347105,2027.12,6000.0,717.128
TOI-2445 b,2.1,1.25,1060.0,3333.0,48.582
HIP 109600 b,851.7844,13.2,,5530.0,66.3361
Kepler-1923 b,4.5,1.95958179,553.0,5881.0,990.838
Kepler-467 b,5.69,2.25,712.0,5809.0,466.265
Kepler-302 c,,12.45,392.0,5740.0,1402.58
Kepler-683 b,4.54,1.97,1332.0,5703.0,1023.07
Kepler-120 b,8.5,2.15,575.0,4096.0,388.63
TOI-5720 b,4.3,1.09,708.0,3325.0,35.8256
TOI-2447 b,124.90656395,9.60609646,414.0,5730.0,148.987
Kepler-1326 b,16.3,4.18,938.0,6725.0,698.326
Kepler-9 b,43.4,8.29,661.0,5774.0,628.257
Kepler-406 c,2.71,0.85,1050.0,5538.0,364.03
Kepler-315 b,13.7,3.77,409.0,5796.0,1160.63
Kepler-1078 b,4.27,1.9,1122.0,5612.0,2481.71
TOI-206 b,2.24,1.3,910.0,3383.0,47.7465
TOI-2669 b,193.87532827,19.72780603,1226.0,4800.0,393.443
Kepler-1038 b,12.2,3.53,285.0,5335.0,584.136
Kepler-1802 c,6.0,2.322,357.0,4245.0,636.694
TOI-4029 b,36.6,6.73756618,1142.0,5662.53,274.436
TOI-1136 b,3.5,1.9,1216.0,5770.0,84.5362
Kepler-1887 b,8.88,2.92454357,625.0,5749.0,1366.18
HAT-P-65 b,176.07693748,18.05766791,1818.0,5872.0,738.519
CI Tau c,1144.1822652,13.0,,3807.0,157.998
Kepler-1632 b,6.66,2.47,369.0,6137.0,716.76
Kepler-1306 b,4.31,1.91,678.0,5727.0,1107.5
Kepler-1925 b,9.28,3.00177922,531.0,5856.0,1771.31
LHS 1678 b,0.35,0.685,830.44,3490.0,19.8782
TOI-1273 b,70.55790635,11.09689089,1211.0,5690.0,177.118
TOI-1199 b,75.96098927,10.5140239,1486.0,5710.0,248.427
HD 220773 b,460.8,13.6,,5940.0,50.5103
Kepler-60 d,4.16,1.99,929.0,5905.0,1025.1
Kepler-1452 b,7.75,2.7,810.0,6101.0,996.32
TOI-4405 b,7.06,2.55505441,671.87,4467.38,155.501
Kepler-1686 b,2.62,1.42553017,913.0,5714.96,729.823
HD 130322 b,365.49,13.7,720.0,5387.0,31.8766
Kepler-1138 b,3.53,1.7,1080.0,5582.0,872.328
GJ 1214 b,8.41,2.733,567.0,3101.0,14.6427
TOI-4438 b,5.4,2.52,435.0,3422.0,30.0346
Kepler-584 b,16.5,4.21,664.0,6195.0,1848.84
Kepler-1961 b,3.25,1.6187808,866.0,5401.0,1042.45
Kepler-270 c,3.78,1.77,756.0,6067.0,948.781
TOI-757 b,10.5,2.5,641.0,5278.0,60.3418
Kepler-1157 b,1.32,1.09,732.0,4679.0,342.144
Kepler-1746 b,59.1,8.93504475,310.0,6018.0,979.541
K2-243 c,4.7,2.01,801.0,6570.0,266.864
Kepler-403 d,2.6,1.42,958.0,6209.0,840.269
TOI-2714 b,228.0,13.72,1603.0,5665.0,597.873
Kepler-378 b,0.347,0.75,503.0,4661.0,152.094
TOI-216.01,177.98390792,10.1,497.0,5026.0,177.945
HD 102272 b,1570.0802,12.9,,4790.0,347.097
GJ 2056 b,16.2,4.17,,4069.95,28.4434
Kepler-256 e,6.12,2.35,897.0,5551.0,1026.43
Kepler-1408 b,0.64,0.89,1616.0,6170.0,535.048
TOI-1408 c,7.6,2.22,1864.0,6117.0,139.484
TOI-1408 b,593.0,25.0,1293.0,6117.0,139.484
TOI-1437 b,9.6,2.24,794.23,6008.0,103.297
BD-13 2130 b,3108.3774,12.5,,4545.0,925.214
TOI-1751 b,19.5,2.9507845,651.64,5970.0,113.335
TOI-1694 b,31.3,5.3422266,943.19,5058.0,124.68
Kepler-826 b,2.1,1.25,1305.0,6079.0,779.596
HIP 67522 b,71.4,9.9872018,1175.0,5675.0,127.28
HIP 67522 c,48.3,7.93595834,917.0,5675.0,127.28
TOI-3261 b,30.3,3.82,1722.0,5068.0,300.141
Kepler-1929 b,9.65,3.07250761,566.0,5786.0,508.201
Kepler-1284 b,1.92,1.21,1703.0,5123.0,882.324
HIP 116454 b,9.7,2.469,753.2,5048.0,62.4491
TIC 46432937 b,1017.0509024,13.31626907,872.0,3572.0,90.5369
TOI-1807 b,2.44,1.49681583,1694.1,4914.0,42.5775
HD 77946 b,10.9,2.89646124,1128.86,6007.0,99.451
TOI-1836 c,8.0,2.59987579,2007.6,6237.0,191.649
TOI-1181 b,374.71969185,17.02644168,1942.12,6054.0,302.819
Kepler-1587 b,2.33,1.33,981.0,5933.0,1026.48
TOI-1246 c,9.1,2.45109846,862.49,5213.0,169.422
Kepler-482 b,6.17,2.36,352.0,4871.0,313.068
TOI-5634 A b,588.0,10.42,837.0,3896.0,306.144
Kepler-1070 b,3.64,1.73,1101.0,6261.0,939.001
HD 68402 b,2510.8444153,12.6,,5950.0,78.4293
Kepler-736 b,8.91,2.93,996.0,5217.0,1005.43
K2-69 b,5.99,2.32,,4127.0,180.697
TOI-469.01,9.1,3.41,716.0,5289.0,68.192
Kepler-649 b,5.73,2.26,564.0,5871.0,513.748
K2-25 b,24.5,3.44,494.0,3207.0,44.9565
TOI-6034 b,254.0,11.92,714.0,3635.0,117.992
Kepler-1237 b,8.55,2.86,366.0,5472.0,1064.31
TOI-1710 b,22.4,5.20315158,602.99,5684.0,81.2271
TOI-1694 c,297.0,13.8,,5058.0,124.68
TOI-1736 c,2800.0,12.5,249.0,5636.0,88.9482
TOI-1272 b,27.0,4.13204907,975.0,5065.0,137.572
TOI-1272 c,21.7,4.95,697.0,5065.0,137.572
HD 93963 A b,2.8,1.46954368,1842.23,5908.0,82.3432
HD 564 b,104.88,12.5,,5902.0,51.1659
Kepler-111 b,3.12,1.58,1356.0,5952.0,657.223
TIC 393818343 b,1379.37528638,12.18416202,805.5,5756.0,93.7345
Kepler-466 b,8.5,2.85,503.0,5927.0,530.122
Kepler-1401 b,3.46,1.68,808.0,5964.0,1425.43
Kepler-928 b,3.15,1.59,894.0,4700.0,508.809
Kepler-1361 b,0.566,0.86,1061.0,5131.0,389.143
K2-58 b,7.65,2.68,,5413.0,181.746
TAP 26 b,527.5978,13.5,,4620.0,121.402
Kepler-879 c,0.0364,0.4,,5456.75,802.672
HD 21520 b,17.7,2.697,637.0,5871.0,79.208
Kepler-192 d,1.04,1.02,926.0,5487.0,651.674
Kepler-939 b,3.71,1.75,692.0,5471.0,2093.62
Kepler-1873 b,3.28,1.62573811,1787.0,5151.0,820.957
Kepler-282 e,56.2,3.1,484.0,5656.0,1337.61
Kepler-1357 b,2.18,1.28,1177.0,5597.0,1015.69
HD 93963 A c,18.4,3.11976057,1212.45,5908.0,82.3432
Kepler-1320 b,3.53,1.7,1389.0,4817.0,647.424
Kepler-1807 b,7.77,2.70393215,1108.0,6455.0,1299.32
BD-14 3065 b,3932.0,21.59,2001.0,6935.0,589.423
TOI-3071 b,68.2,7.16,2155.0,6177.0,485.219
TOI-1386 b,45.8,6.2163865,615.03,5735.0,146.858
TOI-1288 b,44.1,4.96846551,1203.44,5388.0,114.865
HD 135694 b,6.1,2.857,750.83,5712.0,73.8713
Kepler-1845 b,6.52,2.43836702,584.0,4703.0,710.724
Kepler-90 i,2.3,1.32,709.0,6015.0,848.254
HD 194490 b,3561.90295725,12.4,,5861.32,80.2349
TOI-1630.01,6.42,2.417,584.0,5504.0,66.0929
TOI-1782.02,4.04,1.839,974.95,4336.0,95.2649
WASP-148 b,91.21675281,8.47398941,940.0,5555.0,246.353
K2-99 b,276.51071409,11.88151954,1184.0,6069.0,519.229
TOI-1659.01,5.71,2.255,1031.14,5977.0,122.494
Kepler-992 b,3.26,1.62,510.0,4944.0,259.639
TOI-2048 b,7.32,2.61,646.0,5185.0,116.567
Kepler-1273 b,6.76,2.49,573.0,5566.0,1114.24
TOI-3757 b,85.3,12.0,759.0,3913.0,181.139
TOI-375 c,669.34662514,13.4,596.0,5259.9,396.213
TOI-3568 b,26.4,5.3,899.0,4969.0,197.906
KOINTREAU-4 b,4862.7746271,12.2,,3252.0,145.434
AU Mic d,1.053,1.02,,3678.0,9.7221
TOI-1798.02,5.6,1.464,1935.83,5165.0,113.181
TOI-1798.01,6.5,2.448,734.31,5165.0,113.181
Kepler-1899 b,3.02,1.55098292,851.0,4791.0,711.509
Kepler-613 b,5.86,2.29,713.0,5723.0,861.494
Kepler-393 b,2.21,1.29,1052.0,6189.0,881.404
TOI-4638.01,8.92,2.933,779.83,5700.0,168.248
Kepler-713 b,6.71,2.48,905.0,5785.0,1089.87
TOI-2570 b,260.61929374,13.64132951,1431.0,5771.0,361.857
K2-150 b,4.66,2.0,,3499.0,102.483
HD 20868 b,397.2875,13.7,,4802.0,47.7223
TOI-1452 b,4.82,1.672,326.0,3185.0,30.5212
K2-212 b,7.51,2.65,542.0,4349.0,109.218
EPIC 228836835 b,1.37,1.1,932.0,3782.0,150.124
Kepler-183 c,35.7,2.27,857.0,5888.0,1050.64
Kepler-131 b,16.13,2.41,718.0,5685.0,228.678
Kepler-951 b,26.7,5.59,340.0,4834.0,382.509
TOI-2458 b,13.31,2.83,1509.4,6005.0,112.958
TOI-4562 c,1833.86990839,12.8,,6096.0,339.605
TOI-4562 b,732.0,12.53,318.0,6096.0,339.605
Kepler-1860 b,1.55,1.13863767,697.0,5420.0,438.703
TOI-3693 b,324.18497514,12.59889431,801.0,5321.0,176.436
Kepler-732 b,5.39,2.18,407.0,3631.0,174.826
WASP-72 b,731.009,14.45961,2210.0,6250.0,434.754
WASP-99 b,772.3269,11.43318,1480.0,6150.0,158.66
TOI-2200 b,38.7,6.96310517,1147.0,5036.17,251.245
TOI-2193 A b,298.75870258,19.83989584,1763.0,5966.0,337.064
TOI-2207 b,203.41018048,11.1529358,1259.0,6101.0,373.345
Kepler-1040 b,4.98,2.08,300.0,5694.0,482.119
TOI-1716.01,10.0,3.143,959.0,5879.0,104.158
Kepler-901 b,2.45,1.37,704.0,4184.0,253.867
TOI-260 b,4.23,1.71,493.0,4026.0,20.1852
L 168-9 b,4.07,1.63,998.0,3842.0,25.1496
K2-167 b,6.5,2.36509493,1220.0,6310.0,80.8994
TOI-1768.01,11.8,3.453,1566.0,5994.0,157.597
Kepler-597 b,6.21,2.37,743.0,5683.0,663.418
HD 100655 b,511.7063,13.5,,4891.0,137.178
Kepler-203 b,7.13,2.57,1308.0,5821.0,703.302
Kepler-520 c,1.24,1.07,1107.0,6112.0,623.901
HR 8799 e,3178.3,13.11453,1150.0,7400.0,41.2441
TOI-1130 c,336.0,13.0,650.0,4360.0,58.2609
TOI-1184 b,6.8,2.39,715.47,4534.0,58.5946
TOI-1772.01,8.78,2.905,877.67,5583.0,97.7562
Kepler-330 b,2.39,1.35,714.0,5117.0,717.527
TOI-5005 b,32.7,6.25,1040.0,5749.0,207.891
Kepler-167 c,3.44,1.674,771.0,4884.0,341.908
HD 180902 b,535.54355,13.5,,4961.0,104.577
Kepler-1137 b,5.48,2.2,1020.0,6807.0,921.778
Kepler-267 c,5.18,2.13,484.0,4258.0,264.993
HD 216520 b,10.26,3.18,,5103.0,19.552
TOI-2421 b,105.83685953,10.36830715,1534.0,5607.0,327.927
Kepler-242 b,7.32,2.61,742.0,5020.0,600.241
TOI-5076 b,16.14568308,3.48935569,550.0,4780.0,82.857
TOI-1453 c,2.95,2.224,819.8,4975.0,78.7415
TOI-4504 d,450.23572136,13.6,,5315.0,342.605
TOI-4137 b,457.67290608,13.57407563,1570.0,6202.0,334.993
K2-213 b,2.9,1.51398464,,5794.0,389.702
TOI-2458 c,10.22,3.18,,6005.0,112.958
DMPP-1 b,16.8,4.26,877.0,6196.0,62.5388
DMPP-1 c,10.94,3.31,1239.0,6196.0,62.5388
TOI-512 b,3.57,1.54,1009.0,5277.0,67.3975
Kepler-1577 b,1.51,1.13,1125.0,4862.0,510.029
HD 73344 d,810.46243785,13.2,,6148.0,35.26
Kepler-751 b,6.62,2.46,679.0,5387.0,760.43
Kepler-606 b,11.0,3.31,683.0,6161.0,1215.11
Kepler-1575 b,2.27,1.31,1312.0,5667.0,1246.92
TOI-561 d,13.33,2.615,600.0,5342.0,85.799
HD 207832 b,177.9848,14.2,,5726.0,58.9291
HD 102956 b,305.1168,13.8,,4985.0,121.89
WASP-132 c,6.26,1.841,1329.0,4686.0,122.91
Kepler-1490 b,9.48,3.04,348.0,5515.0,862.92
TOI-2364 b,71.51139158,8.60849718,1091.0,5306.0,219.614
TOI-4994 b,88.99195396,8.54124329,717.6,5640.0,329.304
HD 20794 d,4.8,2.04,388.0,5368.0,6.00278
Kepler-377 b,2.51,1.39,875.0,5949.0,823.804
EPIC 212499991 b,3.19,1.6,,4982.79,283.29
Kepler-227 c,9.48,3.04,443.0,5854.0,1083.06
Kepler-887 b,4.04,1.84,785.0,6194.0,886.588
GJ 3138 c,4.18,1.88,,3717.0,28.4712
TOI-2842 b,117.59651059,12.84549188,1471.0,5910.0,460.995
TOI-2977 b,533.95172376,13.15934334,1544.0,5691.0,
TOI-2583 A b,79.45710175,14.4595851,1456.0,5936.0,566.189
Kepler-1503 b,5.77,2.27,321.0,5069.0,1225.57
Kepler-1781 b,6.26,2.38091029,1003.0,5568.0,962.63
TOI-3023 b,197.05361234,16.43236571,1596.0,5760.0,389.916
Kepler-198 d,2.96,1.53,1562.0,5636.0,495.358
TOI-2133 b,6.21,2.37,798.0,4250.0,75.1973
LHS 1903 c,4.55,2.046,559.0,3664.0,35.6917
TOI-4504 b,7.71,2.691,1234.03,5315.0,342.605
HIP 948 b,6547.2651842,12.1,,4497.0,34.8523
Kepler-1204 b,9.53,3.05,448.0,5825.0,1175.22
TOI-2587 A b,69.28659273,12.07207221,1445.0,5760.0,373.675
Kepler-251 e,8.1,2.77,360.0,5526.0,924.625
Kepler-547 b,15.1,4.0,768.0,4828.0,378.972
Kepler-1828 b,5.13,2.11598626,799.0,5806.0,871.81
Kepler-1328 b,0.904,0.98,1214.0,5780.0,813.543
Kepler-874 b,14.7,3.94,560.0,6020.0,1082.16
HD 20794 f,5.82,2.28,,5368.0,6.00278
Gl 725 A b,2.78,1.48,,3433.0,3.5214
Kepler-32 b,1303.0,2.2,514.0,3900.0,323.847
Kepler-1150 b,1.04,1.02,1432.0,4754.0,358.518
ZTF J1230-2655 b,7024.0077947,13.78704626,,10000.0,186.69
TOI-3912 b,129.03833324,14.28024141,1512.0,5725.0,465.992
K2-104 b,3.86,1.79,798.0,3712.0,189.289
HD 65216 b,411.58985,13.6,,5612.0,35.1205
HD 65216 c,645.1949,13.4,,5612.0,35.1205
Kepler-1151 b,5.56,2.22,485.0,5470.0,682.436
TOI-2818 b,225.65816897,15.27784069,1376.0,5721.0,312.674
HIP 65407 c,249.17872,13.9,,5460.0,61.7804
Kepler-124 c,3.71,1.75,560.0,4984.0,420.046
TOI-2537 b,415.40172795,11.25381662,338.0,4870.0,184.986
Kepler-999 b,6.08,2.34,1355.0,6237.0,545.063
Oph 11 b,4449.62,12.3,2175.0,2375.0,136.16559197
K2-11 b,44.4,7.55,734.0,5433.0,329.309
HD 38283 b,127.132,14.0,,5981.0,38.0615
Kepler-518 b,5.1,2.11,839.0,5842.0,337.901
Kepler-265 d,6.76,2.49,554.0,5835.0,1280.25
HD 188015 b,476.72,13.6,,5746.0,50.6706
DMPP-1 d,4.72,2.02,1632.0,6196.0,62.5388
WASP-149 b,314.96795134,15.24421375,1855.0,5750.0,211.73
G 192-15 c,14.3,3.87,55.9,2999.0,9.53114
G 261-6 b,1.37,1.1,322.3,2907.0,10.6267
TOI-3493 b,8.97,3.22,1102.0,5844.0,96.7224
Kepler-24 e,26.2118,2.78,792.0,5897.0,1156.81
TOI-3807 b,330.54154328,18.49481816,1646.0,5772.0,421.745
Gl 410 b,8.4,2.83,,3842.0,11.9324
TOI-4463 A b,252.35575516,13.26022417,1395.0,5640.0,173.117
Kepler-797 b,5.35,2.17,605.0,5680.0,1315.26
HD 11755 b,1789.3829,12.8,,4312.0,235.045
KOI-351 b,2.27,1.31,1062.0,6080.0,848.254
Kepler-1793 b,13.8,3.79037518,713.0,5191.0,1189.88
Kepler-309 c,6.85,2.51,204.0,4713.0,544.568
HD 40307 c,1868.51320475,,696.0,4956.0,12.9363
HD 7199 b,3639.13526015,,,5371.0,36.1531
KMT-2019-BLG-0578L b,381.3940884,13.7,,,7300.0
KMT-2021-BLG-0736L b,21.0,4.86,,,7000.0
GJ 251 c,3.88,1.8,216.0,3342.0,5.58057
K2-200 b,2.43,1.3643987,,5233.0,184.131
Kepler-922 b,2.6,1.42,1876.0,5671.0,536.323
Kepler-1780 b,12.7,3.60600667,340.0,5403.0,790.516
Kepler-509 b,6.76,2.49,584.0,6060.0,332.443
GJ 649 b,81.99972901,10.8,,3734.0,10.3796
Kepler-813 b,5.22,2.14,817.0,5743.0,840.0
HD 222582 b,2660.2371,12.6,,5790.0,42.1586
Kepler-1551 b,7.56,2.66,722.0,6136.0,1463.72
Kepler-1352 b,0.64,0.89,1701.0,6118.0,670.829
Kepler-1422 b,4.74,2.02,833.0,6194.0,2465.84
GJ 849 c,314.65012293,13.8,,3467.0,8.80058
EPIC 206042996 b,3.53,1.7,,4114.0,451.769
HD 49674 b,31.783,6.2,,5602.0,43.0399
Kepler-26 d,1.24,1.07,652.0,4486.0,335.307
Kepler-229 d,14.2,3.85,439.0,5120.0,826.265
WASP-116 b,203.41018048,13.67495645,1414.0,6250.0,559.243
WASP-188 b,458.6263913,14.81827249,1666.0,6850.0,675.281
Kepler-320 c,2.45,1.37,1002.0,6435.0,826.613
TOI-771 b,2.47,1.36,543.0,3370.0,25.2788
Kepler-926 b,5.95,2.31,524.0,5806.0,921.361
Kepler-106 e,11.17,2.56,531.0,5858.0,444.322
Kepler-402 b,1.98,1.22,1311.0,6090.0,625.339
TOI-1266 c,3.17,1.98,346.0,3563.0,36.0118
Barnard b,0.299,0.72,438.0,3195.0,1.82655
Barnard c,0.335,0.743,400.0,3195.0,1.82655
Kepler-1202 b,8.96,2.94,547.0,5834.0,1175.38
TOI-942 c,37.0,4.67,,4969.0,152.601
TOI-1266 d,3.68,1.74,288.0,3563.0,36.0118
TOI-2015 b,9.2,3.309,530.9,3297.0,47.3444
TOI-2015 c,8.91,2.93,448.0,3297.0,47.3444
Kepler-1474 b,5.31,2.16,561.0,5870.0,1180.9
Kepler-128 c,3.38,1.521,843.0,6072.0,396.379
Kepler-1734 b,9.74,3.08851092,985.0,6061.0,1482.83
Kepler-671 b,7.7,2.69,1012.0,5624.0,1168.26
Kepler-186 c,2.1,1.25,464.0,3788.0,177.594
Kepler-339 b,2.6,1.42,1023.0,5631.0,616.637
G 268-110 b,1.52,1.13,534.0,,
G 192-15 b,1.03,1.02,453.6,2999.0,9.53114
TOI-942 b,16.0,3.89,1120.0,4969.0,152.601
HD 80883 b,1748.0562385,12.8,,5177.91,34.6011
Kepler-777 b,2.76,1.47,569.0,4043.0,443.106
Kepler-83 c,2.03,2.36,362.0,4082.0,400.409
CoRoT-27 b,3302.11,11.287,1500.0,5900.0,1010.28
Barnard e,0.193,0.637,340.0,3195.0,1.82655
TOI-1117 c,8.78,2.91,1210.0,5635.0,167.598
TOI-1117 d,10.71,3.27,978.0,5635.0,167.598
TOI-2992 b,1058.36859531,13.75341932,1726.0,6000.0,542.026
Kepler-1206 b,3.33,1.64,1314.0,4877.0,762.019
HD 125595 b,3531.07360177,,,4691.0,28.1989
HD 179079 b,4195.3349724,,,5646.0,69.7116
TOI-3160 A b,378.21580433,13.7646283,1539.0,6190.0,567.678
HIP 67851 c,2204.77565936,12.7,,4840.0,64.1181
HD 87816 b,2142.16346318,12.7,,4989.0,133.233
TOI-6894 b,53.39517238,9.5836785,417.9,3007.0,73.8131
TIC 88785435 b,22.3,5.03,635.0,3998.0,122.386
KOI-134 c,69.92224954,9.86,,6160.0,1159.21
TOI-3474 b,193.87532827,14.67255574,1451.0,6020.0,420.123
Kepler-1602 b,2.36,1.34,1159.0,6296.0,629.804
OGLE-TR-56 b,441.77,15.278,2212.0,6050.0,282.83913869
KOI-134 b,346.43296363,12.03844527,659.0,6160.0,1159.21
K2-169 b,2.16,1.27328671,,5548.0,235.867
Kepler-370 b,3.15,1.59,1040.0,5852.0,1167.94
Kepler-1762 b,8.05,2.76022913,714.0,6572.0,1663.74
Kepler-511 c,16.5,4.20964327,742.0,5866.0,651.999
KOI-1843.03,8.0,0.61,1654.0,3584.0,134.311
K2-416 b,1652.7077164,2.66,447.0,3746.0,120.311
TOI-4791 b,734.18362017,12.44196858,1472.0,6058.0,328.802
Kepler-369 b,1.51,1.13,687.0,3591.0,214.0
Kepler-778 b,3.46,1.68,977.0,5102.0,938.168
HD 87816 c,3877.5065654,12.4,,4989.0,133.233
HD 102888 b,1808.44363583,12.8,,4990.0,126.484
tau Cet g,1.75,1.18,,5310.0,3.60304
tau Cet h,1.83,1.19,,5310.0,3.60304
tau Cet f,3.93,1.81,,5310.0,3.60304
WASP-80 b,170.99254,11.197791,825.0,4143.0,49.7876
TOI-5300 b,190.6970442,9.86390302,1043.0,4610.0,162.51
TOI-2031 A b,254.2627256,14.20177855,1358.0,6490.0,276.105
TOI-5882 b,6995.40323807,11.46678726,1515.0,5920.0,416.104
TOI-2169 A b,329.58805806,12.50922246,1364.0,6270.0,351.487
Kepler-878 b,4.38,1.93,501.0,5044.0,791.625
K2-72 e,2.21,1.29,,3360.47,66.4321
HD 25171 b,290.81445,13.9,,6125.0,55.6146
TOI-6707 b,27.8,5.72673066,1509.43,6289.49,641.467
TOI-3682 b,69.28659273,12.80065596,1657.0,5703.0,404.211
HD 155918 c,1878.04805696,12.8,,5771.84,27.561
Kepler-1508 b,2.33,1.33,967.0,6158.0,1260.28
Kepler-156 b,5.9,2.3,867.0,5094.0,443.483
HD 15906 b,5.65,2.24,668.0,4757.0,45.5621
Kepler-1356 b,2.96,1.53,1714.0,5106.0,845.228
Kepler-1012 b,2.21,1.29,934.0,5556.0,411.077
TOI-2346 b,394.10722468,16.11851425,1689.0,6480.0,437.484
Kepler-154 f,2.86,1.5,838.0,5769.0,915.212
Kepler-1234 b,8.3,2.81,625.0,4967.0,916.749
Kepler-10 b,3.24,1.47,2188.0,5708.0,185.506
TOI-2886 b,444.9597698,18.6405349,1978.0,6240.0,413.673
K2-157 c,30.8,6.08,587.0,5334.0,298.373
HD 34445 e,16.8,4.26,,5836.0,46.0907
Kepler-384 c,1.51,1.13,531.0,5577.0,895.678
Kepler-1153 b,3.64,1.73,1343.0,5470.0,1119.49
HD 35843 c,11.32,2.54,479.0,5666.0,69.6026
TIC 434398831 c,27.0,5.63,1050.0,5638.0,217.011
TOI-2407 b,16.8,4.26,705.0,3530.0,92.4366
TOI-778 b,878.0,15.4,1561.0,6643.0,161.743
TOI-5573 b,112.0,9.75,528.0,3790.0,186.562
Kepler-1271 b,2.79,1.48,1484.0,6143.0,831.991
Kepler-182 c,11.6,3.43,729.0,6250.0,1549.09
HIP 48714 b,22.9,5.11,,4015.5,10.5298
HATS-23 b,467.2101,20.84874,1654.0,5780.0,639.004
TOI-1468 b,3.04,1.401,683.5,3376.0,24.7399
TOI-1468 c,4.1,2.126,338.1,3376.0,24.7399
K2-152 b,5.86,2.29,337.0,4044.0,108.449
Kepler-1626 b,4.74,2.02,1352.0,6826.0,1368.83
HD 97048 b,794.575,13.3,,10000.0,183.857
HD 4308 b,15.8915,4.12,,5686.0,22.0158
TOI-5800 b,9.5,2.46,1108.0,4850.0,42.9052
HD 224018 b,4.1,0.91,968.0,5784.0,105.48
TOI-4214 b,165.27077164,10.68215861,1642.0,6370.0,346.881
Kepler-580 b,7.13,2.57,558.0,4298.0,323.899
HD 217786 c,7.31005336,2.61,,5966.0,55.4847
Kepler-219 b,9.01,2.95,1307.0,5786.0,787.07
Kepler-1941 b,7.51,2.64976949,666.0,6404.0,1494.39
K2-254 b,3.29,1.63,791.0,4629.0,227.775
TOI-5817 b,10.3,3.08,950.0,5770.0,80.7542
Kepler-294 b,3.78,1.77,1087.0,5913.0,1357.01
TOI-4734 b,61.65871096,10.9175472,1468.0,6070.0,563.068
Kepler-296 b,3.22,1.61,495.0,3740.0,167.0
HD 64114 b,17.8,4.41,,5676.0,31.5262
Kepler-1947 b,1.01,1.0101666,1298.0,6040.0,468.771
TOI-5181 A b,330.54154328,13.34989601,1585.0,6060.0,480.155
HD 97658 b,8.3,2.12,751.0,5212.0,21.5618
GJ 338 B b,10.6,3.25,391.0,4014.0,6.33256
WD 1856+534 b,4386.054,10.4,163.0,4710.0,24.7359
TOI-519 b,147.15455244,11.54525012,687.0,3322.0,115.557
nu Oct A b,696.04421133,13.3,,4910.0,21.1999
TOI-1346 b,6.3,2.39,1324.0,5099.0,115.45
TOI-4155 b,10.4,3.21,1255.0,5724.0,240.737
HD 108236 c,4.94,2.071,932.0,5660.0,64.5978
HD 151450 b,38.45723725,6.94,,6091.98,43.6002
Kepler-546 b,39.1,7.0,1258.0,5967.0,1019.65
K2-6 b,6.8,2.5,615.0,5850.0,316.819
Kepler-497 b,30.4,6.04,1210.0,5834.0,1291.98
Kepler-971 b,5.18,2.13,1087.0,5431.0,338.522
Kepler-452 b,3.29,1.63,265.0,5757.0,551.727
Kepler-553 b,116.00736855,4.74139884,1089.0,5191.0,728.525
Kepler-1791 b,9.91,3.12103321,1021.0,5887.0,602.218
Kepler-399 d,4.23,1.89,486.0,5502.0,740.537
Kepler-1355 b,2.73,1.46,1448.0,5352.0,911.269
Kepler-83 b,2.94,2.83,460.0,4082.0,400.409
Kepler-1827 b,4.1,1.85644292,1329.0,5423.0,686.461
Kepler-1886 b,7.18,2.58158428,580.0,5745.0,1059.51
Kepler-1467 b,10.9,3.3,411.0,5332.0,852.888
Kepler-204 b,6.94,2.53,828.0,5812.0,686.723
HIP 5158 b,451.0,13.6,,4962.0,51.6026
Kepler-1311 c,1.98,1.22,1671.0,5748.0,866.331
TOI-654.01,8.71,2.378,794.0,3521.0,57.7553
HD 235088 b,4.15,1.982,805.0,5075.0,41.1706
TOI-5795 b,23.66,5.62,1136.78,5715.0,156.53
Kepler-366 c,3.86,1.79,848.0,6209.0,1856.28
HD 136118 b,4164.18778851,12.3,,6097.0,51.4359
Kepler-283 b,5.18,2.13,488.0,4351.0,468.094
GJ 463 b,1080.6165838,13.1,,3563.0,18.3554
WASP-4 b,381.3940884,15.12091496,1653.0,5436.0,267.206
Kepler-185 c,4.74,2.02,530.0,5208.0,466.735
TOI-5386 A b,155.10026262,14.70618268,1488.0,6094.0,394.486
Kepler-1285 b,0.871,0.97,874.0,6170.0,422.269
TOI-470 b,17.4,4.34,660.0,5190.0,130.46
Kepler-1003 b,3.82,1.78,1157.0,6109.0,941.902
Kepler-213 b,3.26,1.62,1326.0,5696.0,634.939
Kepler-112 b,6.17,2.36,809.0,5544.0,513.206
TOI-1438 b,9.4,3.04,971.0,5230.0,110.513
TOI-7333 b,5.04,2.09469416,755.0,4586.87,157.217
Kepler-1038 c,2.59,1.4162338,784.0,5159.0,584.136
HD 109271 c,24.154,5.27,,5783.0,55.8716
TOI-3856 b,171.62733978,13.59649359,1544.0,5622.0,314.443
TOI-3877 b,99.7981198,11.67975789,1445.0,5731.0,493.77
TOI-3980 b,187.51876013,14.4595851,1621.0,5840.0,486.721
Kepler-26 e,6.39,2.41,276.0,4486.0,335.307
Kepler-1731 b,8.92,2.93295657,486.0,4859.0,169.948
TOI-622 b,96.30200732,9.2362001,1388.0,6400.0,123.297
Kepler-169 b,1.51,1.13,962.0,4997.0,406.529
Kepler-239 b,6.04,2.33,616.0,4914.0,648.109
Kepler-1812 b,6.01,2.3249424,1034.0,6174.0,1409.19
Kepler-738 b,6.8,2.5,530.0,5327.0,1113.65
Kepler-1778 b,9.36,3.01665969,942.0,6310.0,1276.29
Kepler-1005 b,2.86,1.5,1026.0,5782.0,567.806
Kepler-617 b,2.3,1.32,750.0,3712.0,173.354
Kepler-371 c,3.82,1.78,443.0,5666.0,813.192
Kepler-211 b,2.13,1.26,954.0,5123.0,309.353
HD 25912 b,38.13940884,6.9,,5920.58,49.1661
TOI-4010 b,11.0,3.02,1441.0,4960.0,177.504
HD 196067 b,3623.2438398,12.4,,6072.0,39.9346
TOI-283 b,6.54,2.34,661.0,5213.0,82.7013
TOI-2641 b,122.6817651,18.10250383,1387.0,6100.0,344.045
TOI-2322 b,2.31,0.994,603.1,4664.0,59.861
HD 284149 AB b,8352.53053596,12.0,2395.0,6035.0,117.807
Kepler-925 b,6.08,2.34,394.0,4673.0,611.115
Kepler-54 c,0.7,1.23,395.0,3705.0,271.701
HD 210193 b,153.1,14.3,,5790.0,42.2029
TOI-5261 b,3651.84839643,11.60129502,1244.0,5790.0,377.054
TOI-5350 b,2094.48920213,12.41955062,1195.0,6220.0,277.419
TOI-1235 b,6.69,1.69,775.0,3997.0,39.6345
TOI-4010 e,692.0,13.3,174.0,4960.0,177.504
HD 28471 c,5.72,2.26,1066.0,5766.0,43.6455
TOI-6420 b,2606.1929374,11.93756445,1213.0,6020.0,634.712
TOI-5799 b,3.65,1.733,505.0,3452.0,27.8123
Kepler-801 b,4.66,2.0,419.0,4435.0,440.426
Kepler-750 c,3.26,1.62,1537.0,6160.0,1296.02
WISPIT 1 c,1684.4905571,12.8,,4670.0,230.007
WISPIT 2 b,1541.46777395,17.93436912,,4400.0,134.907
HR 8799 b,2000.0,13.0,1200.0,7204.58,41.2441
LHS 3844 b,2.37,1.286,816.0,3080.0,14.8846
TOI-2093 b,10.6,3.25,535.0,4426.0,82.7982
HD 196067 c,10.4,3.21,,6072.0,39.9346
TOI-6054.02,9.3,2.82,1143.0,6047.0,79.407
TOI-6054.01,12.5,2.64,1360.0,6047.0,79.407
Kepler-117 b,29.875,8.059,984.0,6150.0,1455.57
Kepler-1724 b,8.43,2.83677238,999.0,6092.0,1060.77
GJ 180 d,7.56,2.66,,3371.0,11.9407
Kepler-103 b,11.67,3.4857,973.0,6047.0,494.832
Kepler-103 c,58.47,5.4539,434.0,6047.0,494.832
Kepler-34 b,69.92,8.564,,5913.0,1800.82
MOA-2011-BLG-291L b,18.0,4.43,,,4400.0
OGLE-2019-BLG-0468L b,1090.15143601,13.1,,,4400.0
OGLE-2019-BLG-0960L b,2.5,1.39,,,980.0
KMT-2024-BLG-0404L c,17.3,4.33,,,7210.0
OGLE-2017-BLG-1375L b,3585.0,12.4,,,3930.0
Kepler-126 c,1.27942148,1.58,790.0,6239.0,237.401
Kepler-1455 b,5.31,2.16,298.0,4075.0,357.621
Kepler-998 b,5.99,2.32,1020.0,6058.0,986.364
TOI-6109 c,20.8,4.8326,786.0,5660.0,151.738
eps CrB b,2129.461,12.7,,4406.0,69.8683
GJ 685 b,9.0,2.95,,3816.0,14.3155
TOI-4010 c,20.31,5.93,907.0,4960.0,177.504
TOI-2449 b,222.0,11.24,400.0,6021.0,156.786
HIP 18606 b,244.72787339,14.0,,4860.0,47.0288
TOI-2345 c,7.27,2.451,544.0,4687.0,81.6541
55 Cnc b,263.9785,13.9,700.0,5198.0,12.5855
Kepler-733 b,8.35,2.82,595.0,5418.0,916.706
KMT-2017-BLG-1057L b,23.5,5.19,,,6500.0
TOI-2141 b,20.1,3.147,728.0,5635.0,77.682
Kepler-1451 b,11.2,3.35,523.0,5782.0,1058.72
Kepler-108 c,50.9,8.18,426.0,5854.0,338.732
KMT-2019-BLG-1339L b,397.0,13.7,,,6120.0
Kepler-397 b,6.62,2.46,539.0,5307.0,969.0
OGLE-2003-BLG-235L b,830.0,13.2,,,5800.0
OGLE-2012-BLG-0358L b,588.0,13.4,,,1760.0
OGLE-2015-BLG-1609L b,76.27881768,10.4,,,3300.0
KMT-2021-BLG-1077L c,79.45710175,10.6,,,8240.0
iot Dra b,3756.73177074,12.4,,4504.0,31.32832
WASP-96 b,152.55,13.45,1285.0,5540.0,352.464
LHS 1140 b,5.6,1.73,226.0,3096.0,14.9861
LHS 1140 c,1.91,1.272,422.0,3096.0,14.9861
DE CVn b,3823.27330161,12.4,,3579.0,30.5225
TOI-270 b,1.48,1.28,600.0,3506.0,22.4793
TOI-270 c,6.2,2.33,489.0,3506.0,22.4793
TOI-270 d,4.2,2.0,383.0,3506.0,22.4793
GJ 357 b,1.83,1.2,518.0,3505.0,9.44181
GJ 357 c,3.4,1.66,401.2,3505.0,9.44181
GJ 357 d,6.1,2.34,219.6,3505.0,9.44181
GJ 1252 b,1.32,1.193,1090.0,3458.0,20.373
CFHTWIR-Oph 98 b,2479.0615746,20.8487041,1800.0,2320.0,
iot Dra c,4958.1231492,12.2,,4504.0,31.32832
HD 260655 b,2.14,1.24,709.0,3803.0,10.0055
HD 260655 c,3.09,1.533,557.0,3803.0,10.0055
TOI-406.01,6.57,2.08,368.0,3392.0,31.0597
TOI-406 c,2.08,1.32,584.0,3392.0,31.0597
Kepler-62 e,36.0,1.61,270.0,4925.0,300.874
HD 206893 b,6197.6539365,14.01122587,1429.2,6500.0,40.7583
HD 206893 c,3527.8953177,16.36511182,1181.9,6500.0,40.7583
Kepler-51 e,5.4,2.18,,5674.0,783.831
KMT-2024-BLG-1281L b,19.06970442,4.59,,,7180.0
TIC 183374187 b,177.98390792,14.03364384,1379.0,5768.0,1208.75
Kepler-51 d,7.6,9.7,381.0,6018.0,783.831
Kepler-51 c,4.0,9.0,439.0,6018.0,783.831
Kepler-51 b,2.1,7.1,543.0,6018.0,783.831
Kepler-62 c,4.0,0.54,578.0,4925.0,300.874
Kepler-62 f,35.0,1.41,208.0,4925.0,300.874
Kepler-62 d,14.0,1.95,510.0,4925.0,300.874
Kepler-62 b,9.0,1.31,750.0,4925.0,300.874
HD 11964 b,198.0,14.1,,5303.0,33.5369
HD 132406 b,1887.90073758,12.8,,5766.0,70.7832
DMPP-3 A b,2.67,1.44,854.0,5138.0,46.8917
DMPP-2 b,171.48,14.2,1000.0,6500.0,137.94
TIC 257060897 b,201.50321004,17.26183028,1775.0,5993.0,505.703
Kepler-52 d,88.8775,1.95,332.0,4263.0,321.542
Kepler-756 b,1.46,1.12,1741.0,5282.0,852.0
Kepler-1286 b,5.27,2.15,888.0,5753.0,1354.46
OGLE-2019-BLG-1492L b,37.1,6.79,,,5600.0
Kepler-132 c,2.18,1.28,1069.0,6003.0,349.549
OGLE-2016-BLG-0263L b,1300.0,13.0,,,6500.0
OGLE-2017-BLG-0364L b,75.8,10.3,,,7860.0
UKIRT-2017-BLG-001L b,407.0,13.7,,,6300.0
OGLE-2018-BLG-1126L b,17.79839079,4.41,,,5700.0
KMT-2019-BLG-0298L b,575.26941667,13.4,,,6710.0
Kepler-1430 b,1.76,1.18,969.0,4796.0,875.523
Kepler-924 b,9.64,3.07,610.0,6167.0,1053.04
K2-73 b,9.2,2.58,968.0,5867.0,269.183
pi Men c,3.63,2.0189,1169.8,5998.0,18.2702
HIP 38594 b,8.1,2.77,,4086.3,17.7886
Kepler-1903 b,5.85,2.28642395,769.0,6347.0,1775.44
TOI-4940 b,89.0,6.61,643.0,5504.0,345.659
HD 63433 c,15.539,2.692,678.92,5553.0,22.4035
TOI-1685 b,3.07,1.421,1000.0,3470.0,37.6153
Kepler-1453 b,7.61,2.67,503.0,5665.0,1196.04
G 264-012 c,3.75,1.76,387.0,3326.0,16.009
HD 128311 b,562.24127,13.5,,4965.0,16.3292
MOA-2016-BLG-526L b,14.93793513,3.97,,,6930.0
OGLE-2018-BLG-1269L b,210.0,14.1,,,2510.0
KMT-2018-BLG-0087L b,73.10053361,10.1,,,7020.0
Kepler-535 b,6.17,2.36,1247.0,6123.0,685.599
OGLE-2007-BLG-368L b,20.0,4.72,,,5900.0
OGLE-2018-BLG-0799L b,82.63538582,10.9,,,4050.0
MOA-2010-BLG-328L b,9.2,2.99,,,810.0
MOA-2012-BLG-006L b,2700.0,12.6,,,5300.0
OGLE-2018-BLG-1011L b,570.0,13.5,,,7100.0
KMT-2018-BLG-0748L b,60.0,9.01,,,7300.0
Kepler-1763 b,1.59,1.14651332,1822.0,5897.0,756.486
BD+20 594 b,22.2481,2.57807,546.0,5766.0,179.461
HD 147873 b,1633.6462,12.8,,5972.0,109.055
HD 72659 c,6165.8710958,12.1,,5929.0,51.8949
Kepler-1061 b,4.58,1.98,1332.0,6067.0,543.375
Kepler-1539 b,7.75,2.7,301.0,5176.0,748.326
HD 152843 b,9.82,3.05,1003.11,6310.0,107.898
TOI-912 b,5.1,1.93,551.0,3572.0,26.1072
HD 128717 b,6293.0024586,12.1,,6210.0,73.636
TOI-5728 b,2.27,1.31,382.0,3419.0,54.7045
GJ 3942 b,7.14,2.57,590.0,3867.0,16.9287
HD 152843 c,9.67,5.94,253.08,6310.0,107.898
HD 28109 b,6.2,2.69,867.0,6189.0,139.611
Kepler-235 d,4.86,2.05,401.0,4255.0,428.018
OGLE-2017-BLG-1806L b,5.27,2.15,,,6400.0
Kepler-1530 d,10.8,3.27870115,972.0,5678.0,489.876
Kepler-661 b,9.64,3.07,678.0,4483.0,534.788
MOA-2011-BLG-028L b,30.0,5.99,,,7380.0
MOA-2013-BLG-605L b,3.24,1.62,,,850.0
OGLE-2012-BLG-0406L b,868.0,13.2,,,4970.0
HD 63433 b,21.755,2.14,967.11,5553.0,22.4035
Kepler-1076 b,0.437,0.8,770.0,4868.0,199.0
OGLE-2018-BLG-0383L b,6.4,2.41,,,7700.0
Kepler-1258 b,0.566,0.86,2335.0,5839.0,717.555
Kepler-87 c,6.4,6.14,403.0,5600.0,1232.9
TOI-1422 c,14.0,2.61,628.0,5840.0,155.141
TOI-6041 c,77.9,10.5,403.5,5445.0,72.4731
HD 147018 c,2080.0,12.7,,5441.0,40.4256
Kepler-1896 b,9.8,3.09935997,536.0,6122.0,1732.91
TOI-7510 c,131.0,10.81,702.0,5720.0,249.006
Kepler-1681 b,7.05,2.55321772,442.0,5756.4,758.3
GJ 2126 b,413.1769291,13.6,,4159.0,38.129
HD 1605 b,296.85322,13.8,,4915.0,88.8047
TOI-7510 d,190.0,10.52,542.4,5720.0,249.006
HD 72659 b,949.67128012,13.2,,5929.0,51.8949
Kepler-1171 b,7.08,2.56,2700.0,7044.0,573.0
Kepler-336 d,6.21,2.37,749.0,5867.0,768.86
CoRoT-16 b,170.032,13.11,,5650.0,732.409
KMT-2018-BLG-0030L b,460.85119015,13.6,,,6480.0
KMT-2022-BLG-1013L b,98.52680617,12.1,,,7710.0
alf Tau b,2056.3601,12.7,,4055.0,20.4332
Kepler-1031 b,0.59,0.87,2024.0,6011.0,682.882
mu Leo b,762.8,13.3,,4538.2,32.6081
HD 60292 b,2065.895,12.7,,4348.0,315.211
GJ 887 d,6.1,2.34,241.0,3688.0,3.28679
GJ 887 e,1.46,1.12,544.0,3688.0,3.28679
HD 39194 c,7.49,2.65,,5205.0,26.4131
TOI-5789 d,4.29,1.91,545.0,5185.0,20.4581
TOI-5789 b,2.12,1.26,1201.0,5185.0,20.4581
Kepler-1533 b,11.8,3.46,330.0,6431.0,966.801
TOI-2373 b,2955.8041851,10.42435205,860.0,5651.0,508.686
Kepler-61 b,5.27,2.15,273.0,4017.0,335.079
Kepler-120 c,2.96,1.53,455.0,4096.0,388.63
Kepler-1403 b,5.22,2.14,1238.0,6060.0,2163.9
TOI-1994 b,7024.0077947,13.67495645,2290.0,7700.0,515.603
TOI-2524 b,203.41018048,11.2089807,1100.0,5831.0,438.842
KMT-2022-BLG-1790L b,549.84314411,13.5,,,6480.0
HD 108874 c,314.64,13.8,,5551.0,59.5175
HD 41004 A b,807.25,13.2,,5310.0,36.69117
Kepler-118 c,45.7,7.68,564.0,5274.0,574.228
Kepler-822 b,3.78,1.77,1239.0,5928.0,860.391
KMT-2025-BLG-1616L b,42.32,7.34,,,7500.0
Kepler-608 b,12.9,3.64,1069.0,5820.0,946.683
HD 181720 b,127.132,14.0,,5736.0,60.2046
Kepler-388 c,0.566,0.86,515.0,4498.0,425.0
Kepler-900 b,4.98,2.08,716.0,4836.0,487.525
Kepler-666 b,6.35,2.4,1133.0,5887.0,1508.71
HIP 91258 b,346.4347,13.7,,5519.0,45.8846
K2-22 b,444.962,2.3,2100.0,3879.0,243.836
Kepler-1606 b,4.94,2.07,324.0,5422.0,831.287
HD 4917 b,513.29545,13.5,,4802.0,204.277
MOA-2012-BLG-505L b,6.7,2.48,,,7210.0
KMT-2019-BLG-1715L b,813.64072192,13.2,,,3860.0
KMT-2021-BLG-2609L b,10.17050902,3.17,,,7480.0
Kepler-1946 b,6.75,2.48812698,1143.0,5505.0,1002.12
HD 142022 A b,1433.40611557,12.9,,5421.0,34.2802
2MASS J03590986+2009361 b,5720.911326,12.2,2369.0,2943.0,117.435
GJ 896 A b,718.29219982,13.3,,3345.0,6.26022
Kepler-1461 b,4.78,2.03,451.0,4919.0,679.106
HD 168009 b,9.53485221,3.05,,5778.33,23.3032
Kepler-361 c,6.9,2.52,568.0,6169.0,930.32
TOI-4529 b,4.9,1.77,511.0,3697.0,28.384
TOI-1243 b,7.7,2.33,450.0,3515.0,43.1865
TOI-5388.01,2.2,0.99,488.0,3440.0,18.5226
HD 98736 b,740.5439,13.3,,5271.0,32.4459
HD 34445 b,260.6206,13.9,,5879.0,46.0907
NGTS-35 b,152.0,10.9,451.0,4717.0,183.078
KMT-2021-BLG-0322L b,2034.1018048,12.7,,,6600.0
OGLE-2014-BLG-0221L b,1382.55357045,12.9,,,3680.0
KMT-2016-BLG-2142L b,4923.0,12.2,,,7010.0
KMT-2024-BLG-1044L b,7.75,2.7,,,7140.0
Kepler-340 b,6.94,2.53,1092.0,6620.0,808.762
GJ 3090 b,4.52,2.18,723.0,3707.0,22.4751
TOI-7166 b,4.7,2.01,249.0,3099.0,35.4153
TOI-6716 b,0.911,0.982,369.0,3110.0,18.8873
BD+48 738 b,289.2253,13.9,,4414.0,871.493
Kepler-1307 b,6.66,2.47,768.0,5884.0,1014.62
TOI-5788 b,3.72,1.528,910.0,5615.0,97.614
TOI-5788 c,6.4,2.272,667.0,5615.0,97.614
TOI-4495 c,23.2,4.03,1365.0,6210.0,132.214
Kepler-326 c,17.4,1.4,889.0,5105.0,487.675
WASP-5 b,502.15,12.184,1706.0,5700.0,309.137
HD 48265 b,2351.9302118,12.6,,5733.0,90.5446
WASP-100 b,400.4658,14.90797,2190.0,6900.0,364.411
GJ 887 b,3.9,1.8,426.0,3688.0,3.28679
GJ 887 c,6.5,2.43,320.0,3688.0,3.28679
OGLE-2014-BLG-0319L b,181.16219199,14.1,,,7730.0
KMT-2019-BLG-0371L b,2447.2787339,12.6,,,7010.0
Kepler-132 b,1.92,1.21,1082.0,6003.0,349.549
OGLE-2017-BLG-1237L b,1207.7479466,13.0,,,6030.0
MOA-bin-29 b,190.0,14.1,,,7120.0
2MASS J21252752-8138278 b,3813.940884,12.4,1616.0,3592.0,34.1154
Kepler-707 b,2.33,1.33,1160.0,5099.0,591.776
Kepler-262 b,2.42,1.36,734.0,5841.0,613.129
Kepler-265 c,7.41,2.63,755.0,5835.0,1280.25
HD 18143 b,10.80616584,3.28,,5078.0,22.5243
Kepler-1572 b,0.779,0.94,1293.0,5618.0,946.602
Kepler-352 c,2.07,1.24,591.0,5212.0,252.733
Kepler-278 c,34.9,3.268,492.0,4965.0,443.03
WASP-157 b,182.43442,11.19,1193.0,5772.0,334.037
KMT-2023-BLG-0469L b,39.41072247,7.04,,,7070.0
WISPIT 2 c,3178.28407,17.93436912,2050.0,4530.0,134.907
KMT-2016-BLG-2364L b,1250.0,13.0,,,6440.0
KMT-2018-BLG-1988L b,5.56,2.22,,,4150.0
Kepler-400 c,2.83,1.49,755.0,5886.0,845.97
TOI-3288 b,536.17652261,12.24020692,973.0,4072.0,200.5
K2-222 b,7.5,2.275,803.0,5942.0,101.321
Kepler-1683 b,4.17,1.87477762,669.0,5429.0,733.143
Kepler-1634 b,10.3,3.19,282.0,5474.0,617.339
Kepler-122 b,6.08,2.34,1159.0,6050.0,1027.45
HD 202772 A b,323.54931833,18.2370116,2181.0,6442.0,161.498
HD 89839 b,1748.0562385,12.8,,6314.0,57.3063
HD 181433 d,858.1366989,13.2,,4918.0,26.8762
TOI-2094 b,4.27,1.9,276.0,3435.0,50.0248
TOI-5916 b,226.61165419,11.35469745,683.0,3613.0,199.724
TOI-5292 A b,412.85910069,12.64373023,809.0,3919.0,337.095
Kepler-271 d,0.219,0.66,954.0,5555.0,404.542
OGLE-2017-BLG-1275L b,1875.1876013,12.8,,,7690.0
GJ 273 c,1.18,1.06,,3382.0,5.921535
KMT-2021-BLG-0748L b,143.02278315,14.3,,,6090.0
Kepler-446 c,1.41,1.11,520.0,3359.0,96.339
KMT-2023-BLG-1642L b,343.25467956,13.8,,,6980.0
MOA-2010-BLG-117L b,170.0,14.2,,,3500.0
HD 22532 b,673.79622284,13.4,,5038.0,161.183
Kepler-235 c,2.18,1.28,555.0,4255.0,428.018
HD 2039 b,1999.1507,12.7,,5945.0,85.6922
TIC 87422071 b,409.99864503,10.8615023,1110.0,6150.0,384.758
Kepler-697 b,16.0,4.13,1151.0,5513.0,1277.33
Kepler-99 b,6.15,1.48,810.0,4782.0,208.369
Kepler-1835 b,12.2,3.53387773,808.0,5903.0,1404.38
Kepler-1555 b,3.22,1.61,959.0,5866.0,2013.27
Kepler-783 c,6.04,2.33153725,840.0,5411.49,516.09
HD 38529 c,3299.05886466,12.5,,5697.0,42.3538
EPIC 220674823 b,7.54,1.606,2324.0,5578.0,244.59
KMT-2018-BLG-1990L b,111.0,12.9,,,967.0
K2-247 c,5.43,2.19,688.0,4667.0,258.113
TOI-904 b,6.46,2.426,429.43,3770.2,46.0891
TOI-904 c,5.34,2.167,217.26,3770.2,46.0891
TIC 245076932 b,162.09248757,10.87271128,845.0,6130.0,303.96
OGLE-2014-BLG-1722L b,55.3,8.59,,,6400.0
KMT-2016-BLG-1820L b,1450.0,12.9,,,6260.0
PSR B1620-26 b,794.575,13.3,,,
OGLE-2007-BLG-349L AB c,80.0,10.7,,,2760.0
Kepler-1851 b,14.5,3.90012032,776.0,5982.0,1589.81
Kepler-1104 b,2.04,1.23,1321.0,6417.0,530.658
HD 217107 b,459.57987652,13.6,,5622.0,20.0619
Kepler-1901 b,2.77,1.47418907,1132.0,5696.0,1028.37
Kepler-860 b,10.6,3.24,1050.0,5836.0,1056.36
Kepler-1604 b,2.57,1.41,2023.0,4976.0,541.189
Kepler-804 b,4.42,1.94,779.0,5817.0,649.65
HD 39194 d,5.16,2.12,,5205.0,26.4131
WASP-107 b,30.51152707,10.53646,736.0,4425.0,64.7414
TOI-1080 b,10.7,1.2,368.0,3065.0,25.559
WASP-107 c,111.23994245,13.0,,4425.0,64.7414
TOI-2076 b,6.7,2.59,736.0,5187.0,41.9091
HIP 99770 b,5403.082919,12.2,,8000.0,40.0765
TOI-2076 c,7.2,3.54,581.0,5187.0,41.9091
K2-79 b,5.9,4.15,1033.0,5897.0,256.011
TOI-4342 b,7.3,2.329,639.0,3866.0,61.5204
TOI-4336 A b,3.33,2.137,309.4,3307.0,22.5455
TOI-4342 c,4.8,2.349,514.0,3866.0,61.5204
TOI-1135 b,58.79825529,9.91994792,1171.0,6320.0,114.048
K2-19 d,6.2,1.044,1258.0,5350.0,289.827
KMT-2021-BLG-1554L b,38.13940884,6.9,,,7680.0
Kepler-203 d,33.9,1.44,855.0,5821.0,703.302
KMT-2021-BLG-1303L b,120.77479466,13.6,,,6280.0
TOI-4336 A c,1.55,1.251,399.5,3307.0,22.5455
Kepler-1221 b,4.19,1.88,632.0,5194.0,913.65
TOI-2076 d,7.3,3.27,490.0,5187.0,41.9091
TOI-672 b,50.9,5.31,699.5,3810.0,66.9071
K2-111 b,5.35,1.837,1293.0,5775.0,200.394
HD 181433 b,1708.64551603,,,4918.0,26.8762
Kepler-920 c,13.8,3.8,364.0,5403.0,1001.68
Kepler-750 b,9.64,3.07,1163.0,6160.0,1296.02
Kepler-955 b,9.96,3.13,664.0,5350.0,550.383
TOI-2529 b,743.71847238,11.54525012,636.0,5802.0,296.271
Kepler-1943 b,3.02,1.54869189,1098.0,6032.0,1004.55
TYC 8998-760-1 b,6928.6592726,12.1,,4573.0,94.6177
KMT-2021-BLG-1770L b,6674.396547,12.1,,,6920.0
OGLE-2011-BLG-0265L b,280.0,13.9,,,4380.0
OGLE-2018-BLG-0740L b,1500.0,12.9,,5912.0,3200.0
KMT-2017-BLG-2509L b,664.26137063,13.4,,,7040.0
Kepler-651 b,6.21,2.37,574.0,5522.0,509.408
OGLE-2018-BLG-0932L b,282.86728223,13.9,,,6620.0
OGLE-2014-BLG-0124L b,206.58846455,14.1,,,3500.0
HD 331093 b,476.7426105,13.6,,5544.0,50.1928
Kepler-1879 b,4.92,2.06512018,987.0,5865.0,627.171
TOI-815 b,7.6,2.94,686.0,4869.0,59.7117
OGLE-TR-182 b,320.995,12.666,1550.0,5924.0,2501.75
Kepler-364 c,5.27,2.15,568.0,6108.0,891.462
Kepler-828 b,2.89,1.51,1848.0,5039.0,575.322
Kepler-229 b,5.48,2.2,823.0,5120.0,826.265
Kepler-1689 b,0.799,0.94678642,879.0,5731.43,294.122
OGLE-2018-BLG-0567L b,101.70509024,12.3,,,7060.0
OGLE-2019-BLG-1053L b,2.48,1.38,,,6800.0
Kepler-29 b,5.0,2.55,777.0,5378.0,832.532
OGLE-2019-BLG-0468L c,3248.20631954,12.5,,,4400.0
KMT-2021-BLG-1898L b,232.01473711,14.0,,,6900.0
KMT-2024-BLG-0404L b,8657.64580668,11.9,,,7210.0
KMT-2019-BLG-1042L b,60.38739733,9.05,,,6600.0
MOA-2016-BLG-227L b,890.0,13.2,,,6500.0
HD 179949 b,291.12,13.9,,6168.0,27.4573
Kepler-629 b,2.48,1.38,816.0,5444.0,372.05
Kepler-1384 b,4.42,1.94,608.0,4919.0,618.0
Kepler-847 b,1.76,1.18,1054.0,4940.0,513.103
NGTS-27 b,188.47224535,15.64773706,1783.0,5700.0,942.122
Kepler-1262 b,3.97,1.82,949.0,5771.0,1054.87
Kepler-764 b,3.33,1.64,875.0,5557.0,1047.84
Kepler-782 b,10.4,3.21,350.0,5867.0,446.844
Kepler-824 b,4.16,1.87,1231.0,6035.0,1201.4
HD 60532 b,336.8998,13.8,,6245.0,25.9716
HD 60532 c,797.7533,13.3,,6245.0,25.9716
Kepler-743 b,1.92,1.21,1101.0,5486.0,278.987
Kepler-821 b,2.27,1.31,1215.0,5191.0,614.571
TOI-4633 c,123.0,3.2,268.57,5800.0,95.2016
TOI-776 c,6.9,2.047,420.0,3725.0,27.1701
K2-19 c,11.0,4.1,679.0,5322.0,289.827
K2-19 b,30.8,7.0,857.0,5322.0,289.827
Kepler-749 b,9.8,3.1,454.0,5009.0,721.027
Kepler-820 b,30.8,6.09,554.0,6260.0,1387.2
OGLE-2015-BLG-0051L b,230.0,14.0,,,8200.0
Kepler-56 d,1784.0,12.8,,4819.44,912.994
Kepler-755 b,3.75,1.76,1331.0,5043.0,399.034
Kepler-816 b,74.5,10.24,668.0,5286.0,983.697
Kepler-791 b,9.53,3.05,939.0,6383.0,1266.34
Kepler-793 b,2.45,1.37,1177.0,5745.0,985.699
OGLE-2012-BLG-0950L b,35.0,6.56,,,2600.0
HD 42618 b,14.4,3.89,337.0,5727.0,24.3358
Kepler-757 b,2.42,1.36,1734.0,6014.0,1068.68
Kepler-759 b,5.77,2.27,533.0,5860.0,1073.48
Kepler-815 b,15.8,4.11,1374.0,5028.0,1259.28
Kepler-790 b,5.39,2.18,634.0,5208.0,703.168
Kepler-787 b,2.18,1.28,1115.0,4248.0,503.568
TYC 3667-1280-1 b,1716.282,12.8,1350.0,5130.0,477.516
Kepler-26 b,5.12,2.78,431.0,3914.0,335.307
Kepler-760 b,9.59,3.06,748.0,5322.0,792.336
Kepler-502 b,20.4,4.77,1217.0,6125.0,1591.04
Kepler-812 b,12.3,3.55,1163.0,6761.0,1482.74
Kepler-811 b,7.75,2.7,730.0,5747.0,985.041
Kepler-484 b,5.82,2.28,766.0,5668.0,382.136
Kepler-26 c,6.2,2.72,385.0,3914.0,335.307
Kepler-474 b,9.59,3.06,1115.0,5785.0,841.496
Kepler-768 b,3.86,1.79,618.0,5108.0,784.56
Kepler-810 b,4.38,1.93,1105.0,5803.0,1458.59
Kepler-827 b,27.0,5.63,574.0,5602.0,2046.68
Kepler-458 c,16.4,4.2,798.0,6117.21,1594.74
Kepler-307 c,3.64,2.2,739.0,5367.0,575.581
Kepler-500 b,7.18,2.58,909.0,5813.0,807.48
Kepler-806 b,1.55,1.14,1089.0,5770.0,361.896
Kepler-831 b,2.15,1.27,992.0,5732.0,593.54
Kepler-779 b,0.721,0.92,425.0,3804.0,283.155
Kepler-803 b,13.8,3.79,543.0,5919.0,639.771
Kepler-802 b,12.3,3.54,489.0,5507.0,780.585
Kepler-830 b,3.53,1.7,907.0,6037.0,1122.0
Kepler-829 b,5.1,2.11,857.0,5698.0,1073.76
Kepler-477 b,4.94,2.07,649.0,5240.0,367.0
Kepler-505 b,7.27,2.6,314.0,3931.0,283.41
Kepler-499 b,5.35,2.17,844.0,5312.0,556.726
HD 141399 b,143.34133,14.3,,5600.0,37.0169
HD 141399 c,422.7139,13.6,,5600.0,37.0169
Kepler-745 b,5.31,2.16,931.0,5849.0,1780.38
Kepler-848 b,3.53,1.7,1086.0,5695.0,1378.47
Kepler-794 b,5.1,2.11,952.0,5839.0,931.192
Kepler-796 b,2.24,1.3,1109.0,5475.0,817.584
HD 141399 e,209.7678,14.1,,5600.0,37.0169
HD 108236 e,9.71,3.083,636.0,5660.0,64.5978
TOI-1233.01,6.98,2.539,708.0,5660.0,64.5978
2MASS J01033563-5515561 AB b,4131.79,12.3,,,47.2
TOI-451 b,4.7,1.84,1474.0,5490.0,123.739
Kepler-753 b,4.31,1.91,641.0,4346.0,274.767
Kepler-752 b,8.3,2.81,632.0,5373.0,1232.29
Kepler-846 b,6.71,2.48,624.0,5579.0,1127.12
Kepler-845 b,4.82,2.04,1361.0,4913.0,431.051
Kepler-771 b,3.97,1.82,890.0,5906.0,1393.85
Kepler-773 b,2.63,1.43,1160.0,5850.0,547.026
Kepler-844 b,3.46,1.68,713.0,4128.0,431.776
Kepler-843 b,7.22,2.59,1523.0,5830.0,1165.66
TOI-663 d,5.2,1.92,482.0,3681.0,64.2308
Kepler-767 b,35.7,6.64,366.0,5694.0,2251.03
Kepler-774 b,10.2,3.17,1422.0,6403.0,917.804
Kepler-841 b,23.8,5.23,416.0,5324.0,998.961
Kepler-842 b,3.19,1.6,1252.0,4848.0,532.726
Kepler-839 b,7.13,2.57,626.0,6058.0,944.561
HD 133131 A b,451.3186,13.6,,5799.0,51.4736
Kepler-770 b,5.9,2.3,1171.0,5598.0,930.457
Kepler-769 b,8.85,2.92,1037.0,6186.0,1169.57
HD 133131 B b,794.575,13.3,,5805.0,51.2993
TOI-5082.01,7.03,2.54811,1164.91,5670.0,43.1406
Kepler-744 b,3.26,1.62,750.0,5594.0,449.964
Kepler-765 b,6.48,2.43,641.0,5901.0,1076.28
Kepler-834 b,4.74,2.02,378.0,4554.0,633.937
Kepler-832 b,4.9,2.06,965.0,5596.0,1688.12
TOI-4527.01,0.689,0.9086617,1362.93,3702.0,18.1037
Kepler-912 b,8.25,2.8,1218.0,5998.0,2004.72
Kepler-1017 b,4.62,1.99,831.0,5473.0,552.058
Kepler-980 b,7.61,2.67,845.0,5935.0,961.468
Kepler-983 b,6.17,2.36,485.0,6052.0,714.437
Kepler-870 b,8.15,2.78,691.0,5857.0,1259.46
Kepler-869 b,12.7,3.61,494.0,5664.0,939.455
Kepler-913 b,4.9,2.06,1129.0,4687.0,991.618
Kepler-910 b,0.477,0.82,1752.0,6230.0,400.289
Kepler-964 b,5.14,2.12,652.0,5427.0,454.626
Kepler-866 b,3.29,1.63,996.0,4751.0,646.667
Kepler-915 b,2.86,1.5,1319.0,6173.0,849.036
Kepler-914 b,2.48,1.38,1192.0,5877.0,753.723
Kepler-1051 b,11.5,3.4,850.0,6675.0,829.343
Kepler-1058 b,7.85,2.72,239.0,4644.0,491.997
Kepler-863 b,8.75,2.9,718.0,5678.0,1499.66
Kepler-923 b,2.48,1.38,1104.0,5988.0,1000.28
Kepler-916 b,3.75,1.76,503.0,5248.0,830.712
Kepler-950 b,59.6,8.98,360.0,5857.0,2161.6
Kepler-1029 b,2.13,1.26,790.0,5030.0,366.656
Kepler-958 b,4.9,2.06,749.0,5421.0,449.773
Kepler-861 b,5.82,2.28,966.0,5047.0,850.327
Kepler-862 b,5.52,2.21,1097.0,5333.0,1039.03
Kepler-927 b,3.61,1.72,906.0,5743.0,831.685
Kepler-962 b,4.54,1.97,689.0,5478.0,411.486
TOI-1855 b,360.09958513,18.49481816,1701.0,5359.0,176.833
Kepler-930 b,5.18,2.13,561.0,6335.0,848.396
Kepler-929 b,1.41,1.11,2362.0,5869.0,1311.23
Kepler-965 b,11.4,3.38,393.0,5886.0,582.828
Kepler-979 b,7.85,2.72,792.0,5310.0,576.503
Kepler-932 b,2.45,1.37,1276.0,5331.0,465.612
Kepler-931 b,2.33,1.33,744.0,5241.0,490.0
Kepler-1006 b,2.99,1.54,791.0,5328.0,1081.738
Kepler-990 b,7.27,2.6,903.0,5948.0,802.163
Kepler-892 b,8.3,2.81,556.0,4747.0,570.727
Kepler-895 b,2.99,1.54,771.0,4315.0,540.134
Kepler-507 b,5.69692195,1.3,1407.0,6113.0,391.644
Kepler-1027 b,0.64,0.89,1268.0,5436.0,405.104
Kepler-982 b,5.69,2.25,955.0,6139.0,801.479
Kepler-897 b,6.3,2.39,855.0,5839.0,1519.25
Kepler-898 b,2.83,1.49,616.0,4223.0,484.891
Kepler-938 b,5.56,2.22,544.0,5533.0,1182.05
Kepler-986 b,6.17,2.36,465.0,5642.0,548.364
Kepler-978 b,9.22,2.99,546.0,6002.0,682.522
Kepler-960 b,5.86,2.29,1391.0,4755.0,284.916
Kepler-976 b,14.9,3.96,324.0,5232.0,1012.41
Kepler-899 b,7.65,2.68,640.0,5595.0,1246.43
Kepler-1015 b,12.3,3.55,1040.0,6769.0,739.357
Kepler-1002 b,3.57,1.71,1453.0,6144.0,408.303
Kepler-889 b,1.32,1.09,1328.0,5961.0,598.313
Kepler-903 b,4.7,2.01,842.0,5682.0,1369.24
Kepler-904 b,3.78,1.77,1332.0,6160.0,978.125
Kepler-918 b,3.68,1.74,1052.0,6028.0,1025.03
Kepler-920 b,6.44,2.42,907.0,5403.0,1001.68
Kepler-961 b,7.04,2.55,642.0,5582.0,574.314
Kepler-972 b,19.5,4.65,1060.0,6146.0,1198.03
Kepler-886 b,2.92,1.52,1111.0,6098.0,711.297
Kepler-885 b,6.8,2.5,830.0,6187.0,651.318
Kepler-906 b,5.1,2.11,537.0,6035.0,757.791
Kepler-466 c,2.1,1.25,1206.0,5927.0,530.122
Kepler-921 b,8.6,2.87,492.0,5663.0,934.49
Kepler-943 b,29.5,5.93,455.0,5612.0,2300.53
Kepler-946 b,4.38,1.93,857.0,5665.0,1137.29
Kepler-1014 b,6.3,2.39,614.0,5388.0,624.8
Kepler-852 b,6.99,2.54,565.0,6100.0,1619.03
Kepler-884 b,2.04,1.23,964.0,5715.0,476.733
Kepler-529 c,4.66,2.0,891.0,6087.0,799.008
Kepler-944 b,7.41,2.63,459.0,5409.0,1349.43
Kepler-942 b,5.18,2.13,379.0,4861.0,216.354
Kepler-1010 b,5.99,2.32,477.0,5253.0,579.273
Kepler-882 b,2.04,1.23,903.0,5476.0,504.605
Kepler-255 d,2.3,1.32,1710.0,5431.0,1052.53
Kepler-758 c,3.5,1.69,1372.0,6228.0,1502.32
Kepler-1034 b,5.73,2.26,675.0,5198.0,654.549
Kepler-1013 b,5.27,2.15,766.0,4954.0,422.246
Kepler-1054 b,7.41,2.63,1177.0,6209.0,1090.51
Kepler-760 c,2.79,1.48,1139.0,5322.0,792.336
Kepler-271 c,0.809,0.95,850.0,5555.0,404.542
Kepler-967 b,6.12,2.35,638.0,5178.0,568.546
Kepler-995 b,7.75,2.7,517.0,5206.0,609.638
TOI-2368 b,206.58846455,10.83908434,1000.0,5360.0,210.915
Kepler-1033 b,6.85,2.51,914.0,5547.0,1455.5
Kepler-876 b,2.63,1.43,923.0,5060.0,820.913
Kepler-875 b,8.75,2.9,569.0,5958.0,1242.62
Kepler-732 c,2.15,1.27,893.0,3631.0,174.826
Kepler-1060 b,6.26,2.38,484.0,5797.0,946.565
Kepler-1008 b,2.18,1.28,627.0,5066.0,282.565
Kepler-1055 b,2.04,1.23,1304.0,5723.0,389.397
Kepler-1045 b,7.7,2.69,512.0,5301.0,942.485
Kepler-872 b,4.62,1.99,1230.0,5902.0,879.683
Kepler-1071 b,6.26,2.38,814.0,5215.0,1042.27
Kepler-1139 b,1.81,1.19,1693.0,5550.0,495.156
Kepler-1180 b,4.62,1.99,765.0,6077.0,1596.8
Kepler-991 b,6.99,2.54,260.0,4392.0,389.561
Kepler-1141 b,0.477,0.82,1471.0,5791.0,393.642
Kepler-1140 b,8.1,2.77,500.0,4850.0,656.48
Kepler-1183 b,8.35,2.82,555.0,5765.0,1919.19
Kepler-1192 b,6.17,2.36,600.0,5438.0,1304.19
Kepler-1028 b,2.33,1.33,1217.0,5522.0,607.916
Kepler-1004 b,32.5,6.28,1661.0,4972.0,1152.68
Kepler-1072 b,3.12,1.58,1849.0,6199.0,982.716
TOI-3919 b,1233.17421916,12.31866979,1198.0,6100.0,604.591
Kepler-1065 b,13.4,3.73,1092.0,5635.0,1122.48
Kepler-1077 b,8.1,2.77,576.0,5816.0,1101.42
Kepler-1194 b,2.89,1.51,676.0,5590.0,757.382
Kepler-1197 b,2.1,1.25,1011.0,4708.0,486.94
Kepler-1146 b,2.04,1.23,1019.0,4692.0,703.038
Kepler-1144 b,4.62,1.99,811.0,5753.0,1140.57
Kepler-1079 b,3.29,1.63,887.0,5758.0,591.098
Kepler-1066 b,6.17,2.36,1290.0,5762.0,344.251
Kepler-1198 b,2.76,1.47,830.0,5517.0,743.03
Kepler-1199 b,1.6,1.15,931.0,5889.0,563.493
Kepler-968 b,4.66,2.0,745.0,4598.0,290.324
Kepler-1047 b,5.02,2.09,503.0,5754.0,817.647
Kepler-1148 b,3.5,1.69,1397.0,5054.0,625.692
Kepler-1147 b,7.32,2.61,872.0,5941.0,1657.36
Kepler-1081 b,1.01,1.01,972.0,5345.0,420.215
Kepler-1062 b,3.75,1.76,583.0,4597.0,397.455
Kepler-1063 b,2.83,1.49,931.0,5945.0,343.226
Kepler-1064 b,3.02,1.55,570.0,5153.0,374.0
Kepler-1084 b,1.41,1.11,1737.0,6113.0,405.533
Kepler-1087 b,0.165,0.61,2161.0,5589.0,362.623
Kepler-1207 b,3.26,1.62,802.0,5909.0,1754.19
Kepler-1209 b,2.89,1.51,755.0,6210.0,505.531
Kepler-1114 b,2.39,1.35,631.0,5374.0,418.417
Kepler-1115 b,3.53,1.7,1381.0,8480.0,983.245
Kepler-1154 b,6.08,2.34,1314.0,6327.0,1460.1
Kepler-1089 b,4.01,1.83,584.0,3753.0,259.328
Kepler-1216 b,2.51,1.39,1191.0,5743.0,1258.36
Kepler-1215 b,1.98,1.22,1046.0,5616.0,661.022
Kepler-1117 b,1.41,1.11,938.0,5612.0,568.487
Kepler-1156 b,2.3,1.32,787.0,5778.0,691.331
Kepler-1092 b,4.94,2.07,508.0,5862.0,981.233
Kepler-1093 b,4.46,1.95,776.0,6166.0,1072.88
Kepler-1210 b,3.53,1.7,856.0,5568.0,1176.53
Kepler-1212 b,5.22,2.14,795.0,6051.0,1316.57
Kepler-1120 b,2.48,1.38,1027.0,4904.0,615.231
Kepler-1159 b,6.21,2.37,677.0,6217.0,1213.71
Kepler-1160 b,5.22,2.14,839.0,5519.0,1077.63
Kepler-1096 b,2.07,1.24,794.0,4306.0,377.976
Kepler-1094 b,10.2,3.18,480.0,6112.0,1291.01
Kepler-1214 b,6.17,2.36,591.0,5130.0,729.227
Kepler-1122 b,4.82,2.04,526.0,5544.0,1230.42
Kepler-1124 b,2.18,1.28,621.0,3658.0,289.899
Kepler-1161 b,5.18,2.13,485.0,4253.0,547.726
Kepler-1097 b,10.7,3.26,267.0,5211.0,719.802
Kepler-1098 b,2.24,1.3,1319.0,5794.0,1049.19
Kepler-1046 b,3.57,1.71,786.0,5913.0,721.534
TOI-4153 b,365.50266805,16.11851425,1669.0,6860.0,423.84
Kepler-1125 b,4.04,1.84,778.0,5683.0,2011.41
Kepler-1166 b,3.5,1.69,486.0,5446.0,634.906
Kepler-1164 b,1.46,1.12,936.0,5183.0,431.622
Kepler-1102 b,7.56,2.66,546.0,5724.0,1246.05
Kepler-1100 b,3.71,1.75,1000.0,6247.0,693.618
Kepler-1000 b,20.3,4.76,473.0,6453.0,1115.62
Kepler-1127 b,4.5,1.96,994.0,5664.0,842.459
Kepler-1128 b,12.9,3.65,424.0,5543.0,1083.41
Kepler-1073 b,5.9,2.3,905.0,5792.0,809.897
Kepler-1169 b,0.779,0.94,1125.0,6191.0,522.823
Kepler-1106 b,3.36,1.65,2199.0,6104.0,1090.7
Kepler-1037 b,2.18,1.28,1650.0,5105.0,446.914
Kepler-1131 b,3.15,1.59,1159.0,5851.0,1030.7
Kepler-1132 b,6.12,2.35,384.0,5298.0,867.931
Kepler-480 b,8.15,2.78,1312.0,6322.0,847.508
Kepler-1108 b,2.73,1.46,1063.0,5406.0,767.701
Kepler-1109 b,5.43,2.19,787.0,5893.0,685.087
Kepler-994 b,3.19,1.6,957.0,3934.0,188.158
Kepler-1133 b,4.54,1.97,703.0,5569.0,753.135
Kepler-1172 b,10.3,3.2,675.0,5558.0,1306.53
Kepler-1173 b,0.64,0.89,1650.0,5252.0,377.06
Kepler-1111 b,4.66,2.0,938.0,6077.0,841.536
Kepler-1049 b,0.809,0.95,625.0,3864.0,162.006
Kepler-1135 b,4.08,1.85,451.0,5656.0,1314.64
Kepler-478 b,7.8,2.71,640.0,5210.0,420.0
Kepler-1175 b,9.22,2.99,515.0,5453.0,1121.89
Kepler-1174 b,3.15,1.59,1156.0,5936.0,1408.75
Kepler-508 b,3.33,1.64,710.0,6025.0,324.618
Kepler-954 b,5.99,2.32,545.0,4990.0,215.814
Kepler-1050 b,3.19,1.6,1039.0,6010.0,490.488
Kepler-1136 b,3.33,1.64,922.0,4512.0,491.406
Kepler-1177 b,4.27,1.9,377.0,5712.0,1299.97
Kepler-1075 b,2.6,1.42,818.0,3959.0,291.275
Kepler-1186 b,5.6,2.23,724.0,5635.0,1337.25
Kepler-1188 b,4.98,2.08,775.0,5913.0,1717.48
Kepler-1001 b,10.1,3.15,693.0,5491.0,928.978
Kepler-1277 b,3.19,1.6,496.0,5578.0,557.193
Kepler-1276 b,1.81,1.19,886.0,6188.0,538.481
Kepler-1323 b,2.92,1.52,2291.0,6169.0,465.417
Kepler-1322 b,3.22,1.61,1666.0,5488.0,1350.32
Kepler-1368 b,3.36,1.65,2085.0,5906.0,1635.82
Kepler-1236 b,5.22,2.14,480.0,5337.0,999.64
Kepler-1280 b,4.16,1.87,757.0,6227.0,1486.7
Kepler-1279 b,3.71,1.75,738.0,6221.0,1494.22
Kepler-1281 b,3.33,1.64,1123.0,5353.0,1090.0
Kepler-1327 b,3.89,1.8,831.0,5885.0,678.069
Kepler-1325 b,8.55,2.86,564.0,5550.0,973.368
Kepler-1372 b,2.15,1.27,1655.0,5677.0,1303.22
Kepler-1239 b,8.75,2.9,1183.0,6564.0,2140.6
Kepler-1283 b,4.31,1.91,764.0,6175.0,2921.99
Kepler-1330 b,3.36,1.65,879.0,5608.0,1720.48
Kepler-1373 b,1.65,1.16,1887.0,6299.0,1699.46
Kepler-1374 b,5.86,2.29,737.0,5323.0,1078.46
Kepler-1287 b,2.99,1.54,796.0,5715.0,1003.26
Kepler-1333 b,8.3,2.81,428.0,5628.0,932.446
Kepler-1332 b,2.45,1.37,728.0,5581.0,528.685
Kepler-528 b,4.98,2.08,708.0,5807.0,784.23
Kepler-1376 b,1.16,1.05,1042.0,5659.0,868.056
Kepler-1289 b,2.92,1.52,1113.0,6080.0,1053.57
Kepler-1335 b,2.7,1.45,809.0,4903.0,621.853
Kepler-1334 b,5.86,2.29,710.0,5614.0,1223.04
Kepler-1377 b,2.1,1.25,1873.0,5218.0,1146.1
Kepler-1378 b,5.48,2.2,525.0,4407.0,506.434
Kepler-1247 b,6.04,2.33,676.0,5303.0,1045.92
Kepler-520 b,3.39,1.66,711.0,6112.0,623.901
Kepler-1291 b,3.39,1.66,739.0,5216.0,897.352
Kepler-1292 b,3.97,1.82,1195.0,5556.0,1493.43
Kepler-1337 b,6.39,2.41,437.0,4523.0,601.629
Kepler-1381 b,5.69,2.25,649.0,5747.0,1197.04
Kepler-1248 b,1.76,1.18,1035.0,6149.0,593.026
Kepler-1251 b,4.04,1.84,487.0,5545.0,902.204
Kepler-1293 b,0.871,0.97,1183.0,6241.0,1028.16
Kepler-1341 b,9.22,2.99,241.0,4662.0,476.957
Kepler-1342 b,3.39,1.66,1283.0,5527.0,890.724
Kepler-1388 b,7.22,2.59,434.0,4098.0,453.795
Kepler-1252 b,3.43,1.67,665.0,5949.0,648.979
Kepler-1253 b,2.33,1.33,501.0,5850.0,514.524
Kepler-1295 b,3.02,1.55,1029.0,5486.0,1174.46
Kepler-1344 b,4.04,1.84,1219.0,5981.0,853.959
Kepler-1343 b,4.38,1.93,1294.0,5759.0,1756.71
Kepler-1379 b,2.24,1.3,1564.0,5188.0,971.325
Kepler-1382 b,4.19,1.88,959.0,6161.0,738.261
Kepler-1256 b,2.83,1.49,933.0,6129.0,891.192
Kepler-1254 b,3.02,1.55,660.0,4985.0,622.818
Kepler-1347 b,1.08,1.03,617.0,5193.0,321.0
Kepler-1346 b,3.12,1.58,1236.0,6133.0,843.701
Kepler-1386 b,2.07,1.24,1011.0,5733.0,835.882
Kepler-1259 b,2.63,1.43,1681.0,5053.0,805.562
Kepler-1257 b,2.92,1.52,1252.0,5502.0,1105.95
Kepler-616 c,11.5,3.41,413.0,5753.0,945.775
Kepler-1300 b,2.45,1.37,954.0,6130.0,777.025
Kepler-1350 b,6.9,2.52,535.0,3827.0,340.691
Kepler-1351 b,0.208,0.65,1212.0,4439.0,202.782
Kepler-516 b,27.9,5.74,1095.0,7099.0,687.094
Kepler-1217 b,4.62,1.99,1542.0,5905.0,1347.71
Kepler-1218 b,2.67,1.44,684.0,5986.0,840.503
Kepler-1261 b,5.73,2.26,396.0,5006.0,744.294
Kepler-1263 b,1.55,1.14,907.0,5213.0,664.83
Kepler-1303 b,2.6,1.42,891.0,5771.0,897.783
Kepler-1305 b,4.19,1.88,733.0,5701.0,1575.23
Kepler-521 b,10.2,3.18,803.0,6406.0,830.638
Kepler-1219 b,5.14,2.12,1159.0,5944.0,880.895
Kepler-1220 b,2.92,1.52,899.0,5842.0,961.907
Kepler-1264 b,1.76,1.18,1677.0,5791.0,801.993
Kepler-1265 b,2.39,1.35,732.0,4630.0,583.641
Kepler-1223 b,1.98,1.22,557.0,4870.0,459.957
Kepler-1224 b,2.33,1.33,872.0,6155.0,559.598
Kepler-1268 b,4.78,2.03,627.0,5904.0,1840.77
Kepler-1266 b,7.18,2.58,489.0,5044.0,849.312
Kepler-1309 b,6.21,2.37,491.0,5235.0,845.0
Kepler-517 b,7.61,2.67,467.0,5690.0,289.907
Kepler-1358 b,1.46,1.12,827.0,5181.0,546.998
Kepler-1359 b,8.4,2.83,369.0,4709.0,614.859
Kepler-1225 b,3.97,1.82,1453.0,6140.0,1347.52
Kepler-1270 b,11.0,3.32,1598.0,5047.0,1095.05
Kepler-1314 b,22.9,5.11,625.0,4188.0,141.98685057
Kepler-1362 b,7.27,2.6,248.0,4857.0,731.298
Kepler-1363 b,2.1,1.25,988.0,4839.0,541.714
Kepler-1227 b,5.86,2.29,369.0,5747.0,623.706
Kepler-1228 b,2.99,1.54,1757.0,5063.0,515.453
Kepler-1316 b,12.3,3.54,446.0,5884.0,800.871
Kepler-1318 b,9.85,3.11,202.0,4598.0,475.248
Kepler-1364 b,5.27,2.15,1299.0,6805.0,1056.9
Kepler-1366 b,2.63,1.43,783.0,4070.0,465.826
Kepler-1231 b,2.6,1.42,870.0,5778.0,987.237
Kepler-523 b,4.5,1.96,884.0,5515.0,253.295
Kepler-1274 b,2.6,1.42,1384.0,6179.0,614.648
Kepler-1367 b,0.721,0.92,998.0,4106.0,401.484
Kepler-1235 b,0.418,0.79,985.0,5541.0,540.604
Kepler-1424 b,1.65,1.16,629.0,5838.0,661.421
Kepler-1426 b,3.05,1.56,797.0,5831.0,1697.81
Kepler-556 b,5.65,2.24,766.0,5740.0,674.598
Kepler-1586 b,2.92,1.52,1013.0,6681.0,552.55
Kepler-770 d,2.54,1.4,1941.0,5598.0,930.457
Kepler-783 b,0.399,0.78,991.0,5521.0,516.09
Kepler-1427 b,1.37,1.1,1844.0,5793.0,1220.0
Kepler-1428 b,3.33,1.64,1049.0,6184.0,1530.32
Kepler-541 b,11.2,3.36,1673.0,6166.0,1060.68
Kepler-1165 b,3.02,1.55,946.0,6080.0,1575.2
Kepler-1553 b,1.6,1.15,926.0,5288.0,692.594
Kepler-1588 b,0.363,0.76,925.0,5817.0,924.141
Kepler-1589 b,1.32,1.09,2102.0,6166.0,1513.14
Kepler-1432 b,5.56,2.22,709.0,6031.0,2171.87
Kepler-1556 b,4.5,1.96,797.0,5608.0,944.54
Kepler-1590 b,1.55,1.14,1020.0,6053.0,771.152
Kepler-398 d,0.615,0.88,636.0,4557.0,177.355
Kepler-1321 c,6.35,2.4,697.0,4094.0,769.146
Kepler-1433 b,3.05,1.56,1226.0,6097.0,1328.0
Kepler-1557 b,2.96,1.53,1287.0,6099.0,1380.16
Kepler-1178 b,1.24,1.07,378.0,4990.0,482.287
Kepler-1592 b,2.99,1.54,1202.0,6213.0,1639.47
Kepler-1365 c,0.437,0.8,1137.0,5770.0,840.128
Kepler-1370 c,2.15,1.27,1075.0,6202.0,1004.1
Kepler-1336 c,3.57,1.71,1260.0,5512.0,1126.64
Kepler-1558 b,0.244,0.68,1019.0,5101.0,325.737
Kepler-1594 b,1.2,1.06,1360.0,5946.0,976.868
Kepler-1595 b,2.04,1.23,980.0,5203.0,845.022
Kepler-1388 c,5.73,2.26,566.0,4098.0,453.795
Kepler-1439 b,2.73,1.46,420.0,3578.0,225.393
Kepler-1438 b,0.779,0.94,1490.0,5530.0,1154.13
Kepler-1440 b,2.13,1.26,597.0,5698.0,1115.35
Kepler-576 b,10.7,3.27,541.0,5672.0,617.55
Kepler-1596 b,4.27,1.9,471.0,5706.0,2146.23
Kepler-577 b,7.04,2.55,314.0,4984.0,524.247
Kepler-1393 b,0.437,0.8,1249.0,5697.0,544.456
Kepler-1394 b,2.51,1.39,1947.0,6481.0,640.409
Kepler-1441 b,2.27,1.31,682.0,5802.0,1110.48
Kepler-511 b,33.1,6.35,332.0,5770.0,651.999
Kepler-1563 b,0.347,0.75,1134.0,5765.0,616.697
Kepler-1564 b,2.76,1.47,635.0,5528.0,908.805
Kepler-1603 b,2.21,1.29,1522.0,6241.0,2712.58
Kepler-1395 b,0.437,0.8,1311.0,6138.0,492.894
Kepler-1565 b,1.81,1.19,1234.0,4940.0,629.93
Kepler-1567 b,7.9,2.73,330.0,5655.0,1206.11
Kepler-1598 b,0.809,0.95,1236.0,5940.0,619.862
Kepler-1599 b,3.26,1.62,407.0,5767.0,1328.2
Kepler-1399 b,2.1,1.25,1610.0,5735.0,1385.7
Kepler-684 b,11.2,3.36,812.0,5493.0,1731.27
Kepler-605 c,0.566,0.86,1278.0,5462.0,556.58
Kepler-1569 b,3.46,1.68,1222.0,6319.0,945.454
Kepler-687 b,12.2,3.52,518.0,4841.0,633.66
Kepler-1597 b,1.2,1.06,1497.0,6377.0,1221.05
Kepler-1402 b,0.363,0.76,1789.0,5416.0,1493.64
Kepler-610 c,10.9,3.3,318.0,5943.0,845.824
Kepler-1571 b,2.92,1.52,1476.0,6297.0,675.303
Kepler-1389 b,3.78,1.77,300.0,5078.0,497.093
Kepler-1405 b,14.9,3.96,565.0,5925.0,1530.3
Kepler-1406 b,1.37,1.1,854.0,5892.0,572.403
Kepler-625 c,1.16,1.05,1048.0,5789.0,760.708
Kepler-217 d,2.3,1.32,1574.0,6341.0,1104.64
Kepler-1573 b,1.87,1.2,1379.0,5808.0,1455.36
Kepler-1574 b,2.21,1.29,1003.0,5892.0,1384.16
Kepler-758 d,5.14,2.12,843.0,6228.0,1502.32
Kepler-533 b,11.4,3.38,423.0,4758.0,302.955
Kepler-1407 b,5.69,2.25,826.0,6010.0,1396.41
Kepler-653 c,0.399,0.78,2078.0,5665.0,595.634
Kepler-1541 b,1.65,1.16,1048.0,5282.0,416.692
Kepler-1245 c,2.67,1.44,1190.0,5306.0,805.936
Kepler-1050 c,2.79,1.48,935.0,6010.0,490.488
Kepler-534 b,5.65,2.24,721.0,5884.0,570.659
Kepler-1412 b,0.498,0.83,1397.0,5880.0,755.678
Kepler-1413 b,3.97,1.82,661.0,5196.0,1167.49
Kepler-1542 b,0.363,0.76,1160.0,5564.0,399.114
TOI-5301 b,1182.32167404,13.09208946,1648.0,6240.0,629.161
Kepler-536 b,9.8,3.1,1877.0,5524.0,462.322
Kepler-1414 b,2.04,1.23,1033.0,4951.0,570.835
Kepler-1415 b,2.21,1.29,1846.0,5267.0,1043.56
Kepler-1545 b,7.75,2.7,274.0,5201.0,729.964
Kepler-1254 d,2.27,1.31,794.0,4985.0,622.818
Kepler-555 b,8.4,2.83,664.0,5894.0,973.121
Kepler-245 e,1806.36,1.75,998.0,5174.0,861.527
Kepler-1417 b,0.972,1.0,695.0,5839.0,991.845
Kepler-1418 b,3.39,1.66,419.0,4770.0,499.0
Kepler-1548 b,7.46,2.64,350.0,5706.0,872.279
Kepler-1579 b,0.52,0.84,1139.0,4584.0,466.0
Kepler-903 c,6.94,2.53,462.0,5682.0,1369.24
Kepler-1419 b,8.55,2.86,510.0,5796.0,1498.58
Kepler-1154 c,6.17,2.36,1117.0,6327.0,1460.1
Kepler-1583 b,0.156,0.6,788.0,5645.0,403.933
Kepler-1582 b,2.83,1.49,354.0,3208.0,78.8906
Kepler-1584 b,3.22,1.61,886.0,6069.0,1416.31
Kepler-1469 b,8.25,2.8,551.0,5507.0,1159.3
Kepler-633 b,3.29,1.63,1021.0,5899.0,680.54
Kepler-1511 b,3.46,1.68,903.0,6064.0,1475.6
Kepler-1525 b,0.693,0.91,1343.0,5748.0,382.989
Kepler-1617 b,1.87,1.2,736.0,6167.0,898.31
Kepler-1470 b,1.24,1.07,574.0,4961.0,590.601
Kepler-132 e,1.76,1.18,414.0,6023.0,349.549
Kepler-695 b,62.3,9.21,1021.0,5181.0,842.947
Kepler-704 b,7.32,2.61,1121.0,5616.0,1228.83
Kepler-1527 b,20.4,4.77,450.0,6224.0,1842.13
Kepler-1618 b,2.13,1.26,1267.0,6620.0,1229.25
Kepler-630 b,10.2,3.18,343.0,5829.0,839.784
Kepler-1472 b,4.27,1.9,613.0,6159.0,1479.14
Kepler-622 b,5.18,2.13,446.0,4201.0,284.761
Kepler-967 c,12.9,3.65,258.0,5178.0,568.546
Kepler-154 e,2.86,1.5,1140.0,5769.0,915.212
Kepler-1529 b,5.06,2.1,817.0,5048.0,661.014
Kepler-1090 b,5.69,2.25,297.0,5321.0,858.77
Kepler-1619 b,0.363,0.76,797.0,5852.0,734.85
Kepler-1477 b,1.76,1.18,674.0,5100.0,680.828
Kepler-598 b,2.86,1.5,1050.0,5307.0,681.086
Kepler-1530 b,3.33,1.64,1484.0,5477.0,489.876
Kepler-1530 c,3.36,1.65,1167.0,5477.0,489.876
Kepler-692 b,9.85,3.11,639.0,5440.0,991.336
Kepler-1622 b,2.76,1.47,922.0,6436.0,796.477
Kepler-1479 b,4.01,1.83,746.0,5796.0,728.668
Kepler-1480 b,3.43,1.67,721.0,5156.0,500.892
Kepler-969 c,0.937,0.99,1270.0,5214.0,390.354
Kepler-990 c,2.96,1.53,2386.0,5948.0,802.163
Kepler-1093 c,4.5,1.96,508.0,6166.0,1072.88
Kepler-1531 b,1.41,1.11,2537.0,6260.0,666.334
Kepler-631 b,8.75,2.9,828.0,6185.0,761.966
Kepler-1623 b,2.27,1.31,1000.0,5772.0,837.481
Kepler-1481 b,2.04,1.23,797.0,4908.0,459.076
Kepler-1483 b,2.92,1.52,1131.0,6337.0,1273.78
Kepler-636 b,18.1,4.45,614.0,5203.0,310.301
Kepler-489 b,46.1,7.72,538.0,5014.0,369.645
Kepler-1016 c,13.1,3.68,407.0,5821.0,1402.82
Kepler-705 b,5.1,2.11,265.0,3722.0,276.881
Kepler-1536 b,10.0,3.14,166.0,4434.0,387.248
Kepler-632 b,5.52,2.21,500.0,5322.0,349.0
Kepler-545 b,7.7,2.69,806.0,5882.0,818.001
Kepler-1486 b,5.99,2.32,538.0,5965.0,1769.14
Kepler-342 e,0.615,0.88,1897.0,6366.0,781.611
Kepler-582 b,13.1,3.68,603.0,5564.0,613.179
Kepler-1409 b,1.12,1.04,1733.0,5160.0,694.89
Kepler-1444 b,5.39,2.18,581.0,5810.0,319.675
Kepler-581 b,7.41,2.63,521.0,5772.0,703.758
Kepler-1516 b,3.71,1.75,967.0,5904.0,1358.95
Kepler-600 b,8.75,2.9,528.0,5279.0,619.723
Kepler-1537 b,1.76,1.18,1800.0,5079.0,517.292
Kepler-1447 b,8.75,2.9,522.0,5722.0,890.296
Kepler-1488 b,4.12,1.86,650.0,5820.0,905.825
WASP-156 b,41.8,6.02802815,934.5,4987.0,122.066
Kepler-1538 b,8.35,2.82,346.0,5837.0,1125.3
Kepler-1448 b,3.22,1.61,811.0,5774.0,768.903
Kepler-1493 b,2.57,1.41,874.0,5863.0,555.051
Kepler-1519 b,39.6,7.06,342.0,5644.0,1441.63
Kepler-688 b,68.7,9.76,1005.0,5715.0,1357.75
Kepler-1450 b,3.57,1.71,308.0,4524.0,505.829
Kepler-1494 b,9.64,3.07,415.0,5659.0,1285.48
Kepler-1495 b,8.96,2.94,443.0,5831.0,1355.54
Kepler-1520 b,28.1,5.77,1437.0,4677.0,607.917
Kepler-637 b,20.2,4.75,1002.0,6096.0,786.091
Kepler-1607 b,0.721,0.92,913.0,6116.0,1286.1
Kepler-1496 b,5.56,2.22,535.0,6182.0,1307.66
Kepler-937 c,7.61,2.67,377.0,6095.0,1571.46
Kepler-1065 c,3.19,1.6,1256.0,5635.0,1122.48
Kepler-1067 b,0.437,0.8,1872.0,5592.0,667.693
Kepler-578 b,4.66,2.0,1774.0,5334.0,541.432
Kepler-689 b,8.7,2.89,536.0,5518.0,1131.73
Kepler-1460 b,4.5,1.96,391.0,4422.0,553.218
Kepler-1498 b,2.33,1.33,564.0,5256.0,740.0
Kepler-1073 c,3.33,1.64,1169.0,5792.0,809.897
Kepler-701 b,8.45,2.84,777.0,5343.0,774.152
Kepler-1611 b,0.457,0.81,1243.0,5605.0,908.444
Kepler-624 b,5.95,2.31,852.0,6117.0,748.188
Kepler-1462 b,14.0,3.82,390.0,5756.0,1017.82
Kepler-1500 b,1.87,1.2,928.0,5845.0,1217.82
Kepler-1522 b,3.64,1.73,1374.0,5706.0,814.125
Kepler-625 b,4.62,1.99,852.0,5789.0,760.708
Kepler-1612 b,1.08,1.03,1030.0,5643.0,764.726
Kepler-1464 b,3.39,1.66,564.0,5828.0,1151.73
Kepler-1464 c,0.972,1.0,1023.0,5828.0,1151.73
Kepler-1504 b,5.18,2.13,485.0,5393.0,2435.94
Kepler-1505 b,0.749,0.93,525.0,5686.0,495.148
Kepler-1523 b,3.12,1.58,1676.0,5708.0,865.596
Kepler-1085 b,41.2,7.22,313.0,6000.0,1364.53
Kepler-1613 b,4.98,2.08,1926.0,6005.0,1508.33
Kepler-1614 b,2.83,1.49,981.0,5121.0,1191.19
Kepler-1468 b,3.64,1.73,1093.0,5893.0,1899.24
Kepler-1507 b,0.52,0.84,630.0,5410.0,320.478
Kepler-1509 b,4.08,1.85,667.0,5780.0,2002.96
Kepler-1086 c,8.96,2.94,211.0,4350.0,466.084
Kepler-1524 b,12.3,3.54,438.0,6179.0,381.773
Kepler-1616 b,1.04,1.02,1337.0,6266.0,1137.81
Kepler-1645 b,3.82,1.78,754.0,5812.0,1202.47
Kepler-741 b,9.11,2.97,1051.0,6129.0,1661.87
Kepler-564 b,19.4,4.63,1129.0,5626.0,863.037
Kepler-594 b,5.39,2.18,678.0,5485.0,769.2
Kepler-154 d,14.1,3.84,657.0,5769.0,915.212
Kepler-642 b,8.75,2.9,1810.0,6570.0,781.582
Kepler-643 b,321.0083,10.16,963.0,4908.0,1063.58
Kepler-726 b,10.7,3.26,543.0,5452.0,762.081
Kepler-1143 c,12.6,3.6,234.0,5053.0,555.189
Kepler-148 d,56.3,8.68,413.0,5172.0,791.163
Kepler-673 b,34.8,6.54,1023.0,5355.0,918.21
Kepler-674 b,3.5,1.69,822.0,4192.0,342.254
Kepler-712 b,11.5,3.41,521.0,5148.0,872.493
Kepler-1628 b,33.8,6.43,240.0,3724.0,352.0
Kepler-1388 e,6.62,2.46,299.0,4098.0,453.795
Kepler-655 b,7.8,2.71,588.0,6170.0,752.562
Kepler-565 b,12.9,3.64,1063.0,5735.0,1041.0
Kepler-676 b,9.48,3.04,396.0,3701.0,295.196
Kepler-675 b,6.53,2.44,1070.0,4945.0,665.68
Kepler-1630 b,5.43,2.19,182.0,4736.0,331.213
Kepler-1482 b,1.01,1.01,678.0,5381.0,567.556
Kepler-587 b,5.6,2.23,764.0,5549.0,787.894
Kepler-657 b,12.2,3.52,616.0,5808.0,1691.88
Kepler-483 b,10.4,3.21,755.0,6346.0,860.355
Kepler-572 b,7.18,2.58,553.0,5212.0,504.667
Kepler-714 b,67.6,9.67,986.0,5995.0,2083.37
Kepler-623 b,9.32,3.01,825.0,5443.0,737.702
Kepler-658 b,3.29,1.63,871.0,4103.0,388.384
Kepler-680 b,6.44,2.42,1147.0,5890.0,1492.48
Kepler-1633 b,3.12,1.58,925.0,6256.0,1114.91
Kepler-605 b,2.67,1.44,1133.0,5462.0,556.58
Kepler-727 b,6.94,2.53,964.0,5441.0,831.842
Kepler-588 b,7.41,2.63,1176.0,5835.0,1209.4
Kepler-589 b,5.77,2.27,656.0,5296.0,612.803
Kepler-573 b,8.2,2.79,646.0,5746.0,771.471
Kepler-596 b,11.8,3.46,725.0,6267.0,1023.85
Kepler-715 b,13.5,3.75,876.0,5871.0,1327.44
Kepler-716 b,8.75,2.9,720.0,5099.0,635.009
Kepler-1185 b,2.33,1.33,355.0,5622.0,459.273
Kepler-660 b,7.13,2.57,649.0,4779.0,568.431
Kepler-496 b,5.99,2.32,747.0,5293.0,605.274
HD 63935 c,11.1,3.06451296,619.59,5513.0,48.9739
Kepler-1636 b,10.5,3.23,248.0,5797.0,1947.54
Kepler-561 b,38.7,6.96,446.0,5646.0,621.378
Kepler-728 b,11.1,3.34,982.0,5660.0,1765.23
Kepler-566 b,5.27,2.15,526.0,5132.0,564.277
Kepler-550 b,17.9,4.42,760.0,5322.0,531.944
Kepler-574 b,6.3,2.39,858.0,5612.0,682.896
Kepler-585 b,8.4,2.83,1178.0,5593.0,585.187
Kepler-611 b,3.36,1.65,1513.0,5761.0,1395.56
Kepler-729 b,12.5,3.58,1273.0,5633.0,1921.15
Kepler-662 b,5.39,2.18,530.0,4897.0,815.637
Kepler-551 b,7.9,2.73,483.0,4286.0,311.175
OGLE-2012-BLG-0724L b,150.0,14.3,,,6700.0
Kepler-1638 b,4.16,1.87,304.0,5710.0,1525.52
Kepler-586 b,8.2,2.79,1365.0,5575.0,693.766
HIP 97166 c,8.0,2.75,642.0,5216.0,65.9501
TOI-1601 b,387.0,14.19902343,1493.97,5982.0,336.608
TOI-1444 b,3.58,1.41792246,2130.02,5460.0,125.463
Kepler-618 b,7.27,2.6,1296.0,5860.0,1221.96
Kepler-601 b,4.27,1.9,833.0,5160.0,414.825
Kepler-645 b,5.06,2.1,1730.0,6170.0,1173.57
Kepler-719 b,54.5,8.52,998.0,5777.0,2497.51
Kepler-612 b,8.45,2.84,1046.0,5693.0,1445.53
Kepler-590 b,15.2,4.02,1056.0,6000.0,1421.81
Kepler-552 b,14.8,3.95,1103.0,5863.0,843.689
Kepler-1454 b,4.19,1.88,492.0,5448.0,780.566
Kepler-460 c,26.1,5.52,389.0,6146.0,1274.01
Kepler-646 b,4.62,1.99,632.0,5634.0,451.794
Kepler-735 b,9.01,2.95,657.0,5107.0,695.059
Kepler-591 b,11.4,3.39,436.0,5677.0,785.137
TOI-1842 b,89.4,12.3485023,1199.55,6039.0,223.465
HIP 97166 b,19.1,2.4801338,701.66,5216.0,65.9501
Kepler-602 b,5.02,2.09,852.0,6062.0,1159.31
Kepler-721 b,7.46,2.64,850.0,5075.0,926.598
Kepler-722 b,7.41,2.63,1182.0,5863.0,1239.5
Kepler-568 b,5.73,2.26,429.0,3768.0,130.645
Kepler-569 b,10.1,3.16,526.0,5616.0,638.301
TOI-1296 b,95.3,14.11645916,1414.84,5567.0,323.265
TOI-1298 b,99.0,9.65807033,1278.0,5752.0,319.036
Kepler-615 b,3.68,1.74,620.0,4655.0,330.0
Kepler-593 b,8.6,2.87,706.0,5967.0,973.76
Kepler-592 b,6.3,2.39,1367.0,5913.0,1153.13
Kepler-709 b,8.85,2.92,613.0,5071.0,664.843
Kepler-1625 b,30.6,6.06,350.0,5677.0,2310.11
Kepler-1642 b,10.3,3.2,895.0,5355.0,413.873
Kepler-1642 c,7.56,2.66,1095.0,5355.0,413.873
Kepler-652 b,6.76,2.49,974.0,5490.0,394.55
Kepler-737 b,4.5,1.96,298.0,3813.0,205.118
Kepler-669 b,20.8,4.83,1243.0,6038.0,2063.41
Kepler-558 b,6.21,2.37,498.0,5242.0,661.876
Kepler-609 b,11.2,3.35,932.0,5971.0,1065.82
Kepler-724 b,10.8,3.29,1155.0,5437.0,853.119
Kepler-1646 b,2.04,1.23,365.0,3299.0,127.591
Kepler-710 b,4.19,1.88,1174.0,5611.0,1448.34
K2-88 b,2.04,1.23,,3537.0,110.561
K2-89 b,0.17,0.615,,3691.0,86.0386
K2-116 b,0.257,0.69,,4348.35,49.3855
K2-102 b,2.24,1.3,,4695.0,188.175
K2-5 b,4.31,1.91,565.0,3930.0,202.943
K2-5 c,5.73,2.26,456.0,3930.0,202.943
K2-91 b,1.37,1.1,,3622.0,62.5785
K2-72 c,1.65,1.16,,3360.47,66.4321
K2-16 b,4.74,2.02,658.0,4742.0,334.967
K2-16 c,6.99,2.54,485.0,4742.0,334.967
Kepler-223 e,4.8,4.6,751.0,5803.0,1859.71
Kepler-223 b,7.4,2.99,1042.0,5803.0,1859.71
Kepler-223 d,8.0,5.24,827.0,5803.0,1859.71
K2-81 b,4.54,1.97,,4674.13,252.318
TOI-1451 b,15.2,2.61143902,723.33,5801.0,91.9362
TOI-2267 d,3.78,1.77,422.0,3022.0,22.55
KMT-2024-BLG-2005L b,50.85254512,8.18,,,7720.0
NGC 2682 YBP 1194 b,101.7056,12.3,,5780.0,872.92
NGC 2682 YBP 1514 b,127.132,14.0,,5725.0,914.221
Kepler-80 d,6.75,1.53,722.0,4540.0,369.451
GJ 1148 b,96.7,11.9,,3287.0,11.0143
K2-90 c,2.24,1.3,,4421.98,134.188
GJ 1148 c,68.06,9.71,,3287.0,11.0143
TOI-1753 b,16.6,2.47852533,1005.43,5621.0,226.671
HD 17674 b,276.5121,13.9,,5904.0,44.4264
HD 42012 b,508.528,13.5,,5405.0,36.7984
TOI-1776 b,1.4,1.21612741,1269.21,5785.0,44.647
OGLE-2012-BLG-0026L b,46.1,7.72,,,4019.0
Kepler-80 c,6.74,2.74,495.0,4540.0,369.451
HD 6061 b,10.0,2.42763557,1075.31,5934.0,67.6203
OGLE-2012-BLG-0026L c,270.0,13.9,,,4019.0
TOI-1443 b,30.0,2.30381001,520.66,5224.0,85.8034
HD 59686 A b,2199.3836,12.7,,4658.0,89.2721
KIC 7917485 b,3750.394,12.4,,7067.0,1382.89
OGLE-2013-BLG-1721L b,200.0,14.1,,,6300.0
HD 34445 c,53.5,8.42,,5836.0,46.0907
TOI-329 b,40.4,4.94057819,1213.02,5614.0,284.388
TOI-2518 b,5.77,2.26838675,1095.0,5751.2,160.825
K2-46 b,4.86,2.05,889.0,6256.0,449.237
K2-42 b,5.27,2.15,,4613.0,396.913
HD 25463 c,4.3,1.36354953,1585.57,6353.0,45.6181
HD 37124 c,207.22516,14.1,,5698.64,31.6634
HD 87646 b,3941.092,12.4,,5770.0,73.58352
HD 34445 g,120.6,13.6,,5836.0,46.0907
Wolf 1061 c,3.41,1.66,,3342.0,4.30592
K2-47 b,4.23,1.89,,5054.0,349.881
K2-48 b,5.65,2.24,,4899.0,313.764
MXB 1658-298 b,7532.571,12.0,,,
K2-290 b,10.9,3.06,1230.0,6302.0,272.909
TOI-1279 b,10.6,2.66146528,759.0,5457.0,107.055
NGC 2682 Sand 978 b,692.8694,13.3,,4200.0,821.918
GJ 3293 b,23.54,5.19,,3466.0,20.1903
K2-50 b,3.15,1.59,,4326.0,257.443
K2-49 b,4.38,1.93,,4175.0,457.125
HD 219134 d,16.17,1.61,410.5,4699.0,6.53127
HD 219134 g,10.80622,3.28,,4913.0,6.53127
HD 15337 b,6.519,1.77,1001.0,5131.0,44.8155
HAT-P-67 b,143.02278315,23.9872187,1903.0,6640.0,371.686
Kepler-1652 b,3.19,1.6,268.0,3638.0,252.0
GJ 3293 c,21.09,4.87,,3466.0,20.1903
K2-58 d,3.57,1.71,,5413.0,181.746
K2-59 c,5.9,2.3,,5055.0,311.313
HD 9174 b,352.7913,13.7,,5577.0,81.4893
K2-63 c,14.5,3.9,,6771.0,517.534
K2-63 b,10.5,3.22,,6771.0,517.534
CoRoT-32 b,47.6745,6.38913,938.0,5970.0,576.683
HD 221585 b,511.7063,13.5,,5620.0,55.8535
Kepler-539 c,762.792,13.3,253.0,5820.0,307.318
K2-64 b,4.94,2.07,,5312.0,499.891
K2-68 b,3.12,1.58,,4746.0,168.652
K2-21 b,4.04,1.84,500.0,4222.06,83.6448
Kepler-1647 b,483.0,11.8739,,6210.0,1212.45
K2-70 b,8.7,2.89,,5622.0,232.964
K2-71 b,5.27,2.15,,4006.0,153.192
K2-118 b,6.99,2.54,,4726.29,321.722
TOI-1669 b,191.0,14.1,,5497.0,111.276
TOI-2379 b,1830.69162432,11.72459381,624.0,3707.0,211.247
TOI-2384 b,624.85064816,11.48920522,889.7,3943.0,191.51
TOI-1011 b,4.04,1.45,1364.0,5475.0,52.62
K2-74 b,5.95,2.31,,6060.0,377.822
K2-75 b,7.61,2.67,,5995.0,561.93
K2-125 b,5.39,2.18,,3654.47,124.156
TOI-2485 b,766.60211768,12.1393261,1134.0,6016.4,397.953
TOI-2420 b,294.62693329,15.02003414,1571.6,5707.0,435.174
K2-83 b,2.08,1.244,,3910.0,125.529
K2-130 b,2.1,1.25,,4356.47,118.011
TOI-421 c,14.1,5.09,635.0,5291.0,74.7969
MOA-2010-BLG-353L b,86.0,11.1,,,6430.0
K2-84 b,6.39,2.41,,5652.0,284.876
K2-84 c,4.78,2.03,,5652.0,284.876
K2-35 b,2.3,1.32,979.0,4402.71,252.596
HD 86950 b,1144.188,13.0,,4805.0,209.839
K2-33 b,1175.971,5.04,850.0,3540.0,139.268
K2-161 b,31.1,6.11721229,,4972.0,916.319
K2-160 b,10.2,3.17824034,,5649.0,315.363
HD 215152 d,770.41605857,,,4935.0,21.5974
TOI-1173 b,27.4,9.19,868.0,5350.0,132.353
BD+60 1417 b,4767.426105,14.68376472,1303.0,4993.0,44.9543
HD 103197 b,28.6047,5.83,,5250.0,57.1463
HD 109246 b,273.3338,13.9,,5844.0,67.8349
OGLE-2016-BLG-1195L b,1.43,1.11,,,3910.0
Kepler-1650 b,0.84,0.96,602.0,3410.0,134.397
HD 183579 b,20.4,3.49,752.0,5784.0,57.2651
Kepler-1654 b,158.915,9.180171,206.0,5597.0,568.117
HD 121504 b,479.9233,13.6,,6027.0,41.6592
TOI-1824 b,16.0,2.7438269,528.67,5165.0,59.4314
BD+03 2562 b,2034.112,12.7,,4095.0,1070.63
K2-186 b,10.2,3.17207779,,5784.0,330.739
K2-190 c,1.34,1.09308317,,5631.0,160.679
TOI-712 c,7.76,2.701,369.9,4622.0,58.6212
K2-231 b,6.8,2.5,,5695.0,321.215
HD 134987 b,511.7063,13.5,,5736.0,26.1804
HD 137388 b,63.566,9.32,,5181.0,40.4841
HD 177565 b,15.1,4.0,,5627.0,16.9179
K2-195 c,7.16,2.57581891,,5712.0,315.014
K2-201 b,2.54,1.40006712,,5507.0,197.932
TOI-2768 b,7.41,2.63,855.0,4008.0,78.4525
TOI-5319 b,8.4,2.83,695.0,3580.0,61.171
OGLE-2017-BLG-1522L b,240.0,14.0,,,7490.0
HD 13931 b,889.9195396,13.2,,5867.0,47.3963
HD 142245 b,975.7381,13.1,,4922.0,97.2305
HIP 65426 b,2860.47,16.8135,1500.0,8840.0,108.875
Ross 128 b,1.4,1.11,301.0,3192.0,3.37454
K2-201 c,10.8,3.28568401,,5507.0,197.932
K2-202 b,5.91,2.30165603,,5491.0,300.397
K2-321 b,4.86,2.05124347,830.0,3750.0,77.6888
GJ 486 b,2.77,1.289,696.3,3317.0,8.07426
HD 142415 b,530.7761,13.5,,5940.0,35.5318
HD 111591 b,1398.452,12.9,,4884.0,114.166
OGLE-2016-BLG-1190L b,4253.0,12.3,,,6770.0
K2-206 b,8.22,2.79522879,,5043.0,244.443
K2-207 b,7.3,2.60585269,,5522.0,363.064
TOI-6651 b,61.0,5.09,1493.0,5940.0,212.128
HD 16141 b,82.6358,10.9,,5757.0,37.7861
HD 162020 b,3127.4472,12.5,650.0,4723.0,30.8248
OGLE-2016-BLG-0613L AB b,1330.0,13.0,,,3410.0
CoRoT-9 b,266.9772,11.948794,420.0,5625.0,412.98
K2-209 b,0.586,0.86850263,,4720.0,76.4986
16 Cyg B b,565.7374,13.5,,5750.0,21.1397
Kepler-80 g,0.065,1.13,418.0,4540.0,369.451
K2-218 b,7.13,2.56948149,,5757.0,394.083
K2-219 b,2.38,1.34762583,,5753.0,325.4
HD 215152 b,565.41673605,,,4935.0,21.5974
K2-219 c,2.66,1.43839723,,5753.0,325.4
K2-219 d,7.16,2.57634456,,5753.0,325.4
GJ 86 b,1404.8086,12.9,,5182.0,10.7836
TOI-6002 b,3.36,1.65,321.4,3229.0,32.0266
GJ 3138 b,1.78,1.18,,3717.0,28.4712
HD 7924 c,1762.67634522,,583.6,5075.0,16.9922
BD-06 1339 c,53.0,8.38,,4324.0,20.2695
HIP 65891 b,1871.37366042,12.8,,5000.0,150.292
K2-227 b,3.41,1.66551298,,5673.0,187.234
K2-80 d,7.04,2.55211506,,5377.0,200.802
K2-260 b,546.66486004,18.41635529,2090.0,6860.0,663.834
K2-261 b,68.96876432,9.26982704,1036.0,5490.0,213.283
TOI-1883 b,27.2,5.65,524.92,3477.0,115.369
GJ 3323 b,2.02,1.23,,3159.0,5.37484
GJ 3138 d,10.5,3.23,,3717.0,28.4712
GJ 3323 c,2.31,1.32,,3159.0,5.37484
TOI-1230.01,10.6,3.23968384,688.61,5696.0,143.138
Kepler-289 c,157.18,11.23,394.0,5990.0,704.438
K2-170 c,3.9,1.8017647,,5748.0,392.872
K2-164 b,10.6,3.24925008,,5791.0,375.67
GJ 273 b,2.89,1.51,,3382.0,5.921535
HD 238914 b,1906.98,12.8,,4769.0,519.452
K2-170 b,2.6,1.41817537,,5748.0,392.872
K2-171 b,7.69,2.68657205,,5250.0,606.128
K2-77 b,603.877,2.4996027,806.0,5160.0,141.731
K2-180 b,11.41003981,2.46597575,797.5,5365.0,203.896
GJ 3293 e,3.28,1.63,,3466.0,20.1903
GJ 3293 d,7.6,2.67,,3466.0,20.1903
TYC 3318-01333-1 b,1086.9786,13.1,,4776.0,490.61
K2-172 b,3.42,1.66608079,,5569.0,249.742
K2-172 c,10.4,3.20569097,,5569.0,249.742
HD 101581 c,0.937,0.99,747.0,4675.0,12.7781
K2-182 b,20.97667486,2.71257333,965.8,5128.0,154.83
K2-97 b,174.48779544,13.45077684,1566.0,4673.0,878.43
K2-148 d,3.33,1.64,,4079.0,124.458
K2-148 b,2.33,1.33,,4079.0,124.458
K2-191 b,3.12,1.57889322,,5176.0,287.188
HD 102117 b,54.0311,8.47,,5655.0,39.5792
Kepler-150 f,12.9,3.64,,5528.0,891.092
K2-98 b,34.00763955,5.06645928,1185.0,6260.0,518.625
K2-114 b,638.83509807,10.59248676,701.4,4899.0,475.758
HD 40307 g,7.1,2.56,255.0,4956.0,12.9363
HIP 57274 b,3359.44626199,,,4510.0,25.8618
K2-179 b,6.86,2.51267885,,5015.0,190.81
HD 102195 b,130.3103,14.2,,5301.0,29.3386
K2-277 b,7.4,2.18575124,1049.0,5680.0,113.123
IRAS 04125+2902 b,80.8,10.73820351,854.0,4080.0,159.244
K2-246 b,12.0,3.49,977.0,5610.0,703.616
HD 240237 b,5050.3187,12.2,,3926.0,933.377
HD 2638 b,133.4886,14.3,,5186.0,54.9621
K2-247 b,5.14,2.12,979.0,4667.0,258.113
HD 290327 b,772.3269,13.3,,5505.0,56.433
HD 31253 b,197.0546,14.1,,6130.0,58.1438
HD 77338 b,15.9,4.12,,5341.0,45.935
K2-249 b,8.2,2.79,1061.0,6504.0,521.716
K2-248 b,7.13,2.57,886.0,5528.0,406.254
K2-251 b,6.12,2.35,437.0,3717.0,147.03
K2-252 b,3.68,1.74,639.0,5152.0,228.839
K2-385 b,2.98,1.539,,4844.0,420.819
GJ 143 b,22.7,2.61,422.0,4640.0,16.32
K2-254 c,5.43,2.19,551.0,4629.0,227.775
HD 5891 b,2425.0429,12.6,,4673.0,283.502
HD 6434 b,155.7367,14.2,,5769.0,42.358
K2-239 c,0.972,1.0,427.0,3420.0,31.0849
K2-257 b,0.498,0.83,789.0,3725.0,64.0065
K2-258 b,9.27,3.0,831.0,6351.0,661.873
IC 4651 9122 b,2002.329,12.7,,4740.1,859.324
K2-240 c,3.89,1.8,389.0,3810.0,72.9105
K2-240 b,4.66,2.0,586.0,3810.0,72.9105
OGLE-2017-BLG-0482L b,9.0,2.95,,,5800.0
Kepler-289 e,17.4,2.94,286.0,5990.0,704.438
HD 75289 b,155.7367,14.2,1260.0,6117.0,29.1158
HD 76700 b,66.7443,9.6,,5644.0,60.8831
K2-381 b,1.26,1.075,,4473.0,145.701
TOI-2285 b,19.5,1.77,358.0,3491.0,42.409
HD 222155 b,581.62598481,13.4,,5701.0,50.6078
OGLE-2014-BLG-1722L c,83.7,11.0,,,6400.0
K2-244 b,3.71,1.75,638.0,5677.0,212.902
K2-158 b,7.46,2.64,794.0,5503.0,197.299
TOI-7041 b,114.41822652,11.43316031,882.37,4700.0,439.52
HD 89307 b,642.01338214,13.4,,5955.0,32.0104
HD 96127 b,6661.7168,12.1,,3943.0,587.659
K2-159 b,5.73,2.26,684.0,5425.0,170.998
HD 1690 b,2793.7257,12.5,,4374.0,752.615
TOI-1803 c,8.0,4.29,588.0,4687.0,119.24
TOI-1803 b,10.32,2.99,747.0,4687.0,119.24
K2-166 b,5.43,2.19,1140.0,5960.0,476.882
HD 171028 b,832.7146,13.2,,5671.0,111.659
HD 17092 b,3219.6179,12.5,,4326.0,228.422
HAT-P-11 b,25.0,4.36,838.0,4653.0,37.7647
HAT-P-11 c,851.78013076,13.2,,4653.0,37.7647
HR 858 c,3.8,1.979,1309.0,6354.0,31.964
K2-224 c,6.39,2.41,764.0,5620.0,275.255
TOI-2328 b,50.85254512,9.97599282,842.0,5525.0,231.782
K2-263 b,15.4,2.513,482.0,5368.0,162.481
K2-381 d,3.5,1.689,,4473.0,145.701
HD 285507 b,311.4734,13.8,,4503.0,45.0293
K2-230 b,4.5,1.96,1529.0,5945.0,540.773
K2-229 c,7.0,2.03,750.0,5315.0,102.564
K2-259 b,5.99,2.32,795.0,6059.0,416.457
HD 192263 b,177.9848,14.2,486.0,4976.0,19.6359
TOI-677 b,392.20025424,13.11450742,1252.0,6295.0,141.812
HD 95127 b,3378.5329,12.4,,4218.0,676.579
HD 216536 b,333.7215,13.8,,4639.0,376.233
HD 210277 b,410.0007,13.6,,5538.0,21.2985
ups And b,218.531,14.0,,6156.77,13.4054
HR 810 b,1970.5361234,12.7,,6167.0,17.3181
K2-241 b,7.04,2.55,507.0,5262.0,149.464
HD 141937 b,8714.85491994,11.9,,5870.0,33.3622
HD 212301 b,162.0933,14.2,,6239.0,54.2304
CoRoT-5 b,148.42,15.558,1438.0,6100.0,882.472
K2-242 b,6.99,2.54,416.0,3459.0,109.237
HD 218566 b,63.566,9.32,,4730.0,28.8274
MOA-2016-BLG-319L b,200.0,14.1,,,6800.0
KMT-2025-BLG-0121L b,2469.52672239,12.6,,,6200.0
TOI-5027 b,642.01338214,10.76062147,1056.0,5909.0,204.429
HD 134060 b,10.1,3.16,,5966.0,24.0125
K2-269 b,3.09,1.57,1429.0,6209.0,360.76
K2-270 c,9.01,2.95,848.0,4877.0,280.518
KOI-3680 b,613.4119,11.09691,347.0,5830.0,921.986
K2-383 b,3.07,1.564,,5129.0,203.788
EPIC 229004835 b,10.4,2.332,804.0,5868.0,121.971
HD 20003 c,14.44,3.89,,5494.0,41.8316
HD 20781 b,1.93,1.21,,5256.0,35.9715
K2-348 c,7.61,2.67,655.0,5077.0,201.856
GJ 3779 b,8.0,2.75,,3324.0,13.743
HD 21693 b,8.23,2.8,,5430.0,33.255
HD 21693 c,17.37,4.34,,5430.0,33.255
K2-123 b,8.05,2.76,338.0,4035.0,161.555
70 Vir b,2380.45,12.6,,5495.0,17.9011
K2-24 b,19.0,5.4,686.0,5625.0,170.562
K2-276 b,13.7,3.77,583.0,5139.0,488.152
HD 108863 b,767.24162,13.3,,4878.0,164.742
K2-286 b,5.06,2.1,347.0,3926.0,76.1486
HD 51608 b,12.77,3.62,,5358.0,35.0553
HD 51608 c,14.31,3.87,,5358.0,35.0553
K2-278 b,9.17,2.98,1711.0,6747.0,786.439
HD 159868 b,704.94694,13.3,,5534.0,55.8503
HD 1502 b,874.0325,13.2,,4947.0,190.953
TOI-6695 b,66.74396547,9.52763359,599.0,6400.0,282.536
HD 20781 e,14.03,3.83,,5256.0,35.9715
HD 45184 c,8.81,2.91,,5869.0,21.9532
PSR J2322-2650 b,252.643067,13.9,,,230.0
HD 163607 c,699.54383,13.3,,5522.0,67.7855
HD 175541 b,190.06234,14.1,,5013.0,129.603
K2-343 c,4.74,2.02,465.0,3804.0,166.169
Kepler-21 b,7.5,1.639,2015.0,6305.0,108.522
HD 73344 b,10.48,2.884,911.0,6252.6,35.26
K2-368 c,2.42,1.361,,4663.0,206.608
K2-195 b,9.96,3.13,720.0,5713.0,315.014
HD 185269 b,321.0083,13.8,,5923.0,51.9917
HD 20781 d,10.61,3.25,,5256.0,35.9715
K2-279 b,1.92,1.21,879.0,5558.0,182.983
HD 200964 b,508.21017,13.5,,4982.0,72.5922
HD 202696 b,634.38868,,,5040.0,188.546
K2-344 b,3.15,1.59,722.0,4374.0,75.1691
MASCARA-4 b,532.36258173,16.98160576,2250.0,7800.0,170.696
KMT-2016-BLG-1107L b,1043.0,13.1,,,6651.0
K2-264 b,5.61,2.231,496.0,3660.0,185.605
K2-379 b,5.4,2.181,,4603.0,182.207
Kepler-730 b,,12.3299,1219.0,5620.0,1935.04
HD 202696 c,592.43512,,,5040.0,188.546
Kepler-730 c,3.09,1.56926,1607.0,5620.0,1935.04
HD 73534 b,353.42696,13.7,,4917.0,83.3321
HD 88133 b,324.1866,13.8,,5392.0,73.6123
K2-270 b,2.48,1.38,1203.0,4877.0,280.518
OGLE-2011-BLG-0173L b,60.0,9.01,,,6100.0
HD 96167 b,227.88411,14.0,,5733.0,85.3006
LHS 1903 e,5.79,1.732,333.0,3664.0,35.6917
KMT-2024-BLG-2087L b,1395.26670673,12.9,,,7190.0
HD 5319 c,334.67499,13.8,,4871.0,121.405
K2-52 b,,18.0,2004.0,7147.0,1038.41
K2-281 b,50.9,8.18,665.0,4812.0,458.139
K2-283 b,12.2,3.52,1186.0,5060.0,402.915
WASP-104 b,404.263,12.745,1516.0,5475.0,185.932
47 UMa b,804.08,13.2,,5872.0,13.7967
HD 75784 c,1792.5612,12.8,,4867.0,85.4321
K2-53 b,7.27,2.6,665.0,5263.0,138.018
K2-343 b,3.36,1.65,653.0,3804.0,166.169
GJ 96 b,19.66,4.67,,3785.0,11.9315
OGLE-2015-BLG-0954L b,1100.0,13.1,,,1200.0
HD 14787 b,356.28743,13.7,,4946.0,119.137
HD 18015 b,1048.8337431,13.1,,5603.0,123.801
K2-90 b,7.27,2.6,502.0,4484.0,134.188
TOI-1201 b,6.28,2.415,703.0,3476.0,37.8871
2MASS J12073346-3932539 b,1652.7077164,15.69257298,1163.0,2825.0,64.308
KMT-2016-BLG-1397L b,2200.0,12.7,,,6600.0
HD 94834 b,400.4658,13.7,,4798.0,98.1609
HD 180053 b,697.31902,13.3,,5131.0,137.043
CoRoT-2 b,1102.82,16.432,1521.0,5625.0,213.283
HD 190360 b,533.95172376,13.5,150.0,5552.0,16.0069
HD 190360 c,25.42627256,5.44,,5552.0,16.0069
HD 154345 b,376.9444907,13.7,,5468.0,18.284
K2-292 b,24.5,2.63,795.0,5725.0,114.293
K2-384 f,5.57,2.222,,3623.0,82.6603
HD 104067 b,62.1,9.2,,4952.0,20.3632
K2-139 b,123.00021,9.11,524.0,5370.0,153.856
EPIC 212424622 b,5.35,2.17,,5782.33,611.804
Kepler-9 c,29.9,8.08,523.0,5774.0,628.257
TOI-2267 c,1.55,1.14,374.0,3030.0,22.55
TOI-178 c,4.64,1.754,873.0,4316.0,62.699
TOI-2431 b,6.2,1.534,2063.0,4109.0,36.0559
TOI-178 e,3.48,2.301,600.0,4316.0,62.699
TOI-5205 b,343.0,11.6,737.0,3430.0,86.4493
TOI-1794 b,8.7,3.29701268,992.91,5631.0,155.791
HIP 8152 b,8.9,2.53625843,794.96,5618.0,101.694
HD 92788 b,1195.0408,13.0,,5744.0,34.6538
KOI-1599.02,9.0,1.9,755.0,5833.0,1131.64
HD 50499 c,931.2419,13.2,,6099.0,46.2845
EPIC 248847494 b,4131.79,12.44199,183.0,4898.0,551.886
GJ 15 A c,36.0,6.67,,3607.0,3.56228
K2-105 b,15.4,3.4,805.0,5373.0,197.989
K2-121 b,51.0,7.16,716.0,4526.0,169.398
DMPP-2 c,51.79,8.26,,6500.0,137.94
EPIC 212737443 b,7.2,2.586,536.0,4684.0,336.25
KMT-2017-BLG-0165L b,34.0,6.45,,,4530.0
K2-384 c,1.82,1.191,,3623.0,82.6603
HD 11506 c,127.1313628,14.0,,6123.0,51.261
HD 118203 b,680.15279098,12.778238,1361.0,5742.0,92.2589
HD 167042 b,444.00628458,13.6,,4919.0,49.6633
HD 181342 b,807.2882,13.2,,4945.0,120.391
HD 181433 c,2207.00045821,,,4918.0,26.8762
Kepler-47 b,2.07,3.05,,5636.0,1025.02
LSPM J2116+0234 b,13.3,3.71,,3475.0,17.6297
TOI-6303 b,2493.0,11.59,541.0,3977.0,152.219
Kepler-82 f,20.9,4.84,,5401.0,904.326
GJ 27.1 b,13.0,3.66,,3542.0,23.6062
GJ 160.2 b,10.2,3.17,,4347.0,25.8557
Kepler-47 d,19.02,7.04,,5636.0,1025.02
Kepler-82 b,12.15,4.07,562.0,5401.0,904.326
GJ 682 b,4.4,1.93,,3028.0,5.00671
OGLE-2015-BLG-1649L b,807.0,13.2,,,4230.0
HD 117207 b,669.34662514,13.4,,5732.0,32.3547
HD 114729 b,262.20975,13.9,,5844.0,37.8063
HD 126525 b,75.32571,10.3,,5638.0,37.6506
HD 152079 b,845.74563,13.2,,5907.0,87.8888
TOI-1898 b,129.0,9.39553231,674.54,6241.0,79.6682
gam Lib b,357.87478628,13.7,,4879.0,47.4017
HD 211970 b,13.0,3.66,,4127.0,13.1277
HIP 35173 b,12.7,3.61,,4881.0,33.1562
HD 190647 b,630.89255,13.4,,5656.0,54.4738
HD 23127 b,485.32641,13.5,,5843.0,93.8555
K2-168 b,4.12,1.86,766.35,5502.7,243.935
HD 4208 b,257.4423,13.9,,5717.0,34.1937
K2-146 b,5.77,2.05,534.0,3385.0,79.3002
HD 8326 b,66.6,9.58,,4914.0,30.6862
HIP 54373 b,8.62,2.87,,4021.0,18.7168
CoRoT-7 d,17.142,4.31,,5250.0,159.906
XO-3 b,4217.58296089,14.79585452,1890.0,6970.0,213.053
HR 8799 c,3000.0,13.0,1200.0,7204.58,41.2441
GJ 3473 c,7.41,2.63,329.1,3347.0,27.3644
KMT-2017-BLG-1038L b,640.0,13.4,,,6000.0
HD 85426 c,10.3,3.19,640.0,5746.0,53.974
K2-350 b,2.99,1.54,1158.0,5789.0,489.368
HIP 54373 c,12.44,3.57,,4021.0,18.7168
HD 220689 b,381.3940884,13.7,,5921.0,46.8778
TOI-1075 b,9.95,1.791,1323.0,3875.0,61.4592
TOI-756 c,1287.20504835,13.0,194.0,3657.0,86.1759
HD 52265 b,384.5743,13.7,405.0,6136.0,29.9803
CoRoT-35 b,349.6112477,18.83108758,1747.0,6390.0,1123.21
HD 222076 b,495.8148,13.5,,4806.0,91.1538
WASP-132 b,136.0305582,10.09929161,682.0,4686.0,122.91
HR 5183 b,1052.01202717,13.1,171.0,5794.0,31.4607
HD 85390 b,31.46517,6.16,,5186.0,33.5225
eps Eri b,209.76674862,14.1,,5020.38,3.2026
TYC 2187-512-1 b,104.88337431,12.5,,3734.0,15.4744
HD 17156 b,1036.12060682,12.26262489,888.0,6046.0,78.0863
OGLE-2018-BLG-0596L b,13.93,3.81,,,5650.0
WASP-110 b,154.78243421,13.19297028,1158.0,5392.0,274.96
HD 189567 b,8.5,2.85,,5726.0,17.9055
KMT-2022-BLG-1551L b,940.77208472,13.2,,,6900.0
TOI-561 e,12.4,2.517,416.0,5342.0,85.799
EPIC 201497682 b,0.26,0.692,,4991.0,253.026
EPIC 201615463 c,1.98,1.22,,5960.0,476.882
OGLE-2015-BLG-1670L b,17.9,4.42,,,6700.0
K2-293 b,6.57,2.45,750.0,5532.0,392.251
EPIC 201833600 c,0.972,1.0,,4326.0,257.443
EPIC 206024342 b,3.53,1.7,,5724.0,369.888
TOI-178 g,4.4,2.939,470.0,4316.0,62.699
TOI-178 b,0.96,1.2,1040.0,4316.0,62.699
TOI-178 f,5.63,2.417,521.0,4316.0,62.699
TOI-756 b,9.83,2.81,934.0,3657.0,86.1759
OGLE-2018-BLG-1011L c,890.0,13.2,,,7100.0
KMT-2016-BLG-0212L b,5700.0,12.2,,,6300.0
K2-294 b,3.39,1.66,1425.0,5612.0,373.078
KOI-1599.01,4.6,1.9,660.0,5833.0,1131.64
TOI-1246 e,14.5,3.5141875,463.98,5213.0,169.422
GJ 433 c,32.422,6.27,,3461.0,9.06456
KOI-142 c,214.1,14.0,,5466.0,376.863
EPIC 249893012 b,8.75,1.95,1616.0,5430.0,321.296
EPIC 249893012 c,14.67,3.67,990.0,5430.0,321.296
OGLE-2018-BLG-0677L b,3.96,1.82,,,7580.0
KOI-142 b,9.5,3.438,758.0,5466.0,376.863
EPIC 249893012 d,10.18,3.94,752.0,5430.0,321.296
OGLE-2018-BLG-1700L b,1400.0,12.9,,,7600.0
OGLE-2015-BLG-1771L b,138.0,14.3,,,7070.0
HD 196050 b,1493.7935129,12.9,,5879.0,50.6742
HD 187123 c,912.16752809,13.2,,5790.0,45.9548
GJ 9827 c,1.86,1.13,715.94,4236.0,29.661
TOI-4511 b,8.01,2.75304932,1542.0,5418.77,121.832
TOI-4363 b,3.77,1.76689273,884.71,4278.45,77.7751
OGLE-2012-BLG-0838L b,53.1,8.39,,,6320.0
Kepler-160 b,3.59,1.715,1134.0,5471.0,937.013
K2-374 b,3.16,1.593,,5789.0,359.439
K2-384 b,1.26,1.076,,3623.0,82.6603
WASP-45 b,306.38812,10.603714,1153.0,5150.0,211.196
TOI-3714 b,222.4798849,11.32107051,750.0,3660.0,112.71
HD 160691 b,1366.6621501,,,5773.0,15.5981
TOI-1130 b,19.8,3.66,825.0,4360.0,58.2609
TOI-1648 b,7.4,2.54,799.0,4850.0,69.835
OGLE-2016-BLG-1227L b,250.0,13.9,,,
Kepler-58 b,35.5,2.78,920.0,5843.0,969.252
K2-374 c,5.53,2.213,,5789.0,359.439
WASP-20 b,98.841,15.46839337,1362.0,5940.0,211.877
OGLE-2014-BLG-1760L b,295.89824692,13.8,,,7056.0
TOI-4479 b,8.35,2.82,861.0,3400.0,80.6532
WASP-120 b,1541.4755,15.58048317,1749.0,6450.0,381.174
WASP-94 B b,196.411,14.1,,6040.0,208.696
HD 23472 b,8.32,2.0,543.0,4684.0,39.0341
WASP-166 b,32.10083,7.06167,1270.0,6050.0,114.173
TOI-4507 b,20.0,8.2,562.01,6260.0,178.26
HD 24040 c,63.88350981,9.35,,5776.49,46.6224
HD 66428 c,560.64930995,13.5,,5716.0,53.2817
HD 220197 b,63.566,9.32,,5683.0,64.411
HD 233832 b,565.7374,13.5,,4981.0,58.742
TOI-1670 b,41.31769291,2.06,1062.0,6170.0,168.067
PSR B0329+54 b,1.97,1.22,,,504.93312058
WASP-12 b,467.2101,22.02564708,2601.0,6265.0,427.246
WASP-19 b,366.77398168,15.86070769,2113.0,5616.0,268.325
GJ 1061 d,1.67,1.16,,2953.0,3.67278
TOI-5349 b,127.4,10.2,719.0,3751.0,188.336
Kepler-1649 b,1.03,1.017,307.0,3240.0,92.1913
Kepler-1649 c,1.2,1.06,234.0,3240.0,92.1913
Kepler-29 c,4.5,2.34,715.0,5378.0,832.532
HD 191939 e,112.2,13.0,390.0,5348.0,53.6089
USco1556 b,4767.45,12.3,2240.0,3410.0,140.635
Kepler-177 b,5.84,3.5,549.0,5732.0,1435.44
KOI-1783.02,15.0,5.44,321.0,5922.0,865.73
Kepler-297 b,48.5,2.87,509.0,5619.0,692.14
K2-111 c,11.1,3.34,923.0,5775.0,200.394
DMPP-8 b,81.09,10.8,,6009.0,76.1335
GJ 180 b,6.49,2.43,,3371.0,11.9407
HD 164922 c,13.0,3.66,400.5,5390.0,22.0016
HD 28109 c,9.2,4.13,643.0,6189.0,139.611
WASP-108 b,283.50293904,15.13212395,1589.0,6783.0,258.777
KELT-20 b,1074.90106,19.514869,2262.0,8720.0,136.426
EPIC 212587672 b,2.13,1.26,756.0,6004.0,320.07
TOI-1338 b,11.3,7.661,254.65,5723.2,399.017
OGLE-2017-BLG-1049L b,1760.0,12.8,,,5670.0
KMT-2019-BLG-0842L b,10.28,3.19,,,3320.0
Kepler-1684 b,8.6,2.87084792,347.0,4706.54,621.996
Kepler-1679 b,4.93,2.0692036,813.0,5501.0,909.28
KMT-2016-BLG-2397L b,836.0,13.2,,,4880.0
HD 107148 c,19.89605828,4.7,,5752.92,49.4156
Kepler-1687 b,3.38,1.65623882,598.0,4132.0,417.014
Kepler-1688 b,2.13,1.26174569,772.0,4632.11,567.44687087
OGLE-2017-BLG-0604L b,160.0,14.2,,,3950.0
MOA-2009-BLG-319L b,67.3,9.64,,,7050.0
HD 160691 d,10.49,3.23,900.0,5773.0,15.5981
HD 136925 b,266.97586188,13.9,,5773.19,47.874
HD 156668 c,31.49679513,6.17,,4903.69,24.3323
HD 164922 e,10.52012027,3.23,,5393.43,22.0016
EPIC 201757695.02,0.688,0.90819,,4520.0,577.6
KMT-2023-BLG-0548L b,1086.97315194,13.1,,,6830.0
KMT-2024-BLG-2059L b,6.99222495,2.54,,,6070.0
Kepler-1664 b,9.45,3.03320653,776.0,5735.81,626.691
Kepler-1001 c,3.11,1.57799279,804.0,5376.0,928.978
HD 3765 b,54.98431441,8.56,,5049.8,17.926
Kepler-1701 b,5.57,2.22186207,273.0,5146.0,584.142
Kepler-1702 b,3.2,1.60190793,555.0,5093.0,857.14
MOA-2013-BLG-220L b,871.0,13.2,,,6720.0
HD 4760 b,4417.837,12.3,,4076.0,537.873
Kepler-1665 b,8.44,2.83910787,906.0,5049.84,335.515
Kepler-1698 b,1.25,1.07315686,1351.0,4975.03,222.345
TYC 0434-04538-1 b,1938.763,12.7,,4679.0,613.422
Kepler-1700 b,8.76,2.90129941,329.0,6031.0,717.597
Kepler-1697 b,2.12,1.25954761,630.0,4681.53,247.771
Gl 686 b,6.624,2.46,379.0,3656.0,8.15728
HD 180617 b,12.214,3.53,,3534.0,5.91059
NGTS-20 b,947.12865286,11.99360935,688.0,5980.0,382.898
HATS-37 A b,31.46517,6.792654,1085.0,5326.0,211.896
HD 216520 c,9.44,3.03,,5103.0,19.552
HIP 107772 b,12.9,3.64,,4006.0,23.6434
HD 238090 b,6.89,2.52,469.6,3933.0,15.2354
Kepler-1667 b,9.19,2.98385261,655.0,5941.54,626.819
GJ 414 A c,53.83,8.4,124.7,4120.0,11.8893
GJ 414 A b,7.6,2.63,308.6,4120.0,11.8893
Kepler-1663 b,10.9,3.30395896,362.0,3844.0,337.926
Kepler-1675 b,9.93,3.12483349,465.0,5853.19,651.117
Kepler-1676 b,11.3,3.3769596,782.0,5878.3,
HR 2562 b,6992.224954,12.44199,1255.0,6597.0,34.0071
WASP-93 b,467.2101,17.900773,1942.0,6700.0,370.284
EPIC 206024342 d,7.27,2.6,,5724.0,369.888
EPIC 206024342 c,2.54,1.4,,5724.0,369.888
KOI-3503 b,9.2,1.19,785.0,6001.0,887.064
EPIC 206042996 c,1.87,1.2,,4114.0,451.769
KOI-1833 d,11.02,2.58,613.0,4413.0,290.324
KOI-3503 c,10.36,1.21,686.0,6001.0,887.064
KMT-2018-BLG-1976L b,705.57906354,13.3,,,5840.0
OGLE-2019-BLG-0954L b,4513.1633794,12.3,,,3630.0
TOI-2545 b,8.0,2.75,1022.99,5846.29,107.118
DMPP-6 c,13.47,3.74,,6182.09,54.6303
DMPP-2 d,91.79,11.6,,6500.0,137.94
KMT-2018-BLG-1025L b,6.059,2.34,,,6705.0
TOI-4504 c,1197.32317485,11.09689089,182.8,5315.0,342.605
TOI-238 b,3.37,1.559,1378.0,5059.0,80.5407
TOI-199 b,54.03082919,9.07927437,476.27,5255.0,102.27
HD 93385 c,7.1,2.56,,5977.0,43.3475
HD 93385 b,4.2,1.88,,5977.0,43.3475
K2-280 b,37.1,7.5,787.0,5500.0,391.537
HD 203030 b,3496.112477,14.4595851,1040.0,5603.0,39.2503
HD 96700 d,12.7,3.61,,5845.0,25.4111
HD 96700 b,8.9,2.93,,5845.0,25.4111
TOI-2382 b,235.19302118,12.25141591,1426.0,6033.0,434.92
OGLE-2018-BLG-1185L b,8.4,2.83,,,7400.0
HD 27969 b,1525.5763536,12.9,261.0,5966.0,67.9328
HD 115954 b,2685.65003915,12.6,144.9,5957.0,87.6437
HD 211403 b,1760.76937478,12.8,380.0,6273.0,83.0919
HD 109286 b,950.30693693,13.2,259.4,5694.0,55.4156
CD Cet b,3.95,1.82,464.0,3130.0,8.60715
GJ 9689 b,9.65,3.07,453.04,3836.0,30.6203
G 264-012 b,2.5,1.39,587.0,3326.0,16.009
TOI-715 b,3.02,1.55,234.0,3075.0,42.4048
K2-187 c,2.54,1.4,1173.0,5438.0,330.916
TOI-1777.01,5.67,2.246,580.0,5859.0,79.7665
K2-282 b,6.8,2.5,1057.0,5499.0,496.289
K2-156 b,1.37,1.1,1347.0,4460.0,150.21
K2-187 b,1.87,1.2,1815.0,5438.0,330.916
K2-210 b,0.566,0.86,,5500.0,176.51
Kepler-129 d,2637.9757781,12.6,,5770.0,408.845
K2-223 c,2.86,1.5,1091.0,5859.0,198.604
K2-223 b,0.64,0.89,2271.0,5859.0,198.604
EPIC 212624936 c,5.9,2.3,,5765.0,561.929
K2-137 b,158.915,0.64,1471.0,3697.0,98.8765
TOI-784 b,9.67,1.93,1256.0,5558.0,64.5997
EPIC 206215704 b,0.972,1.0,,3297.0,109.888
TOI-1801 b,5.738,2.079,493.7,3863.0,30.6796
BD+63 1405 b,3305.4154328,12.4,,5000.0,38.0473
HD 155193 b,238.37130525,14.0,,6239.0,57.7995
Kepler-1788 b,6.25,2.37850461,956.0,4786.0,560.445
Kepler-1861 b,5.5,2.20677414,617.0,5855.0,829.985
K2-273 b,9.53,3.05,849.0,5161.0,308.105
K2-272 b,9.96,3.13,747.0,5397.0,423.065
Kepler-1712 b,5.83,2.28372556,391.0,3732.0,156.264
Kepler-1789 b,8.4,2.83137505,380.0,5436.0,611.461
Kepler-1790 b,10.0,3.1446145,682.0,5866.0,1070.17
Kepler-1862 b,5.49,2.203,645.0,5644.0,1232.19
Kepler-1865 b,3.11,1.57686072,1203.0,5420.0,922.255
K2-122 b,1.65,1.16,769.0,4009.0,72.0444
K2-274 b,4.98,2.08,655.0,5044.0,228.327
Kepler-1767 b,9.34,3.01299077,393.0,5243.0,820.506
Kepler-1765 b,6.78,2.49508857,855.0,5692.0,764.456
Kepler-1766 b,5.81,2.27904508,406.0,5868.0,501.229
Kepler-1792 b,6.89,2.51990972,1047.0,5229.0,601.029
Kepler-1090 c,10.9,3.29265785,496.0,5330.0,858.77
Kepler-1311 d,67.5,9.65837605,391.0,5616.0,866.331
Kepler-1761 b,2.51,1.39109603,613.0,3871.0,221.186
Kepler-1777 b,5.19,2.13189678,819.0,5771.0,619.146
Kepler-1794 b,3.87,1.79426276,703.0,5052.0,561.229
Kepler-1868 b,10.1,3.14950109,215.0,4658.0,274.18
Kepler-1872 b,6.28,2.38421141,1005.0,5223.0,840.182
HD 22496 b,5.57,2.22,573.0,4385.0,13.5956
Kepler-1775 b,12.9,3.64762153,522.0,5818.0,657.023
Kepler-1772 b,7.68,2.68609988,1155.0,5541.0,871.564
Kepler-1796 b,8.0,2.75047868,598.0,6036.0,825.883
Kepler-1797 b,9.58,3.05774442,684.0,6244.0,1338.49
Kepler-1714 b,10.7,3.26437302,1211.0,6150.0,409.46
Kepler-1874 b,5.52,2.21110724,356.0,4701.0,408.007
OGLE-2018-BLG-0962L b,425.89006538,13.6,,,6500.0
Kepler-1774 b,10.2,3.18179549,522.0,6214.0,816.592
Kepler-799 c,8.15,2.78068551,893.0,5588.0,1509.084
Kepler-1822 b,7.5,2.64755943,507.0,5165.0,897.597
Kepler-1875 b,10.5,3.22686692,559.0,6161.0,1660.45
HD 137496 b,4.04,1.31,2130.0,5799.0,155.317
Kepler-1824 b,6.26,2.38127597,421.0,6002.0,1040.1
Kepler-1825 b,2.61,1.42200732,1520.0,5123.0,430.254
Kepler-1826 b,2.78,1.47519116,806.0,3821.0,336.952
Kepler-1130 c,0.422,0.79239584,1072.0,5450.0,249.343
KMT-2016-BLG-2605L b,245.0457018,14.0,,,6421.0
HD 137496 c,2434.56559762,12.6,370.0,5799.0,155.317
Kepler-1782 b,5.6,2.22927435,773.0,4931.0,305.792
Kepler-1768 b,5.62,2.23346338,933.0,6050.0,632.766
Kepler-1830 b,11.1,3.32992941,681.0,6160.0,1056.88
Kepler-1881 b,9.17,2.98104391,289.0,5135.0,1057.21
Kepler-1882 b,2.81,1.48674404,894.0,5691.0,443.371
Kepler-1733 b,12.8,3.63582354,1021.0,6320.0,2080.51
Kepler-1779 b,9.44,3.03295685,730.0,5730.0,908.501
Kepler-1776 b,7.33,2.61157023,603.0,5872.0,690.336
Kepler-1832 b,2.02,1.22719556,1022.0,5242.0,486.174
Kepler-1883 b,10.6,3.25107395,416.0,6208.0,1377.61
Kepler-1884 b,3.95,1.81406781,864.0,5984.0,1443.09
Kepler-1737 b,25.1,5.395,383.0,5043.0,
Kepler-1739 b,6.48,2.43056832,839.0,5757.0,783.666
Kepler-1771 b,15.5,4.05537256,391.0,5661.0,565.752
Kepler-1799 b,15.9,4.12801189,770.0,5831.0,2254.69
Kepler-1838 b,3.4,1.66049425,1097.0,5877.0,451.242
TCP J05074264+2447555 b,20.0,4.72,,5805.0,505.0
Kepler-418 c,23.7,5.22108654,835.0,5822.0,1002.53
Kepler-1750 b,30.1,6.00434637,298.0,5644.0,1497.33
TOI-1244 b,6.6,2.467,714.86,4599.0,102.551
TOI-1194 b,120.0,8.71664516,1264.29,5394.0,149.667
Kepler-1804 b,3.18,1.59615726,913.0,5109.0,434.456
Kepler-1840 b,8.13,2.77771129,284.0,4898.0,513.107
Kepler-1715 b,16.0,4.14042267,646.0,6212.0,522.605
HD 25723 b,794.5710175,13.3,,4766.0,114.816
17 Sco b,1373.01871824,12.9,,4157.0,124.953
Kepler-1748 b,7.81,2.71275017,955.0,5774.0,1083.28
Kepler-1747 b,16.8,4.26508,875.0,5477.0,1321.38
Kepler-1805 b,3.0,1.54502915,479.0,3867.0,221.639
Kepler-1742 b,5.38,2.1782413,462.0,5776.0,669.573
Kepler-1741 b,2.16,1.273,615.0,3683.0,270.739
Kepler-1809 b,2.9,1.513,877.0,4901.0,409.602
Kepler-1810 b,14.6,3.91815325,380.0,5492.0,1009.87
Kepler-1846 b,3.76,1.76378826,552.0,4825.0,374.615
Kepler-1847 b,7.97,2.74516914,843.0,6122.0,1693.86
K2-101 b,4.66,2.0,618.0,4927.0,188.33
K2-95 b,11.0,3.31,474.0,3566.0,179.854
Kepler-1745 b,4.38,1.92872921,1449.0,5611.0,996.105
Kepler-1813 b,2.58,1.413,1059.0,5167.0,
Kepler-1848 b,2.57,1.4088539,774.0,4847.0,309.696
K2-355 b,5.69,2.25,1066.0,5790.0,500.497
EPIC 211822797 b,4.35,1.92,431.0,4057.0,186.197
Kepler-1754 b,6.53,2.43996509,672.0,4723.0,718.945
Kepler-1753 b,5.59,2.22678077,583.0,5180.0,707.688
Kepler-1815 b,7.99,2.7489262,763.0,5516.0,1006.63
Kepler-1787 b,5.99,2.31898181,540.0,6060.0,778.602
Kepler-1853 b,2.92,1.51862272,386.0,4821.0,562.348
Kepler-1854 b,7.21,2.58746104,420.0,5026.0,423.348
K2-357 b,13.4,3.72,735.0,5794.0,517.687
K2-356 b,5.86,2.29,624.0,5568.0,355.54
Kepler-1755 b,29.4,5.91688317,631.0,6086.0,982.383
Kepler-1757 b,8.99,2.94660251,549.0,5288.0,807.308
Kepler-1817 b,5.79,2.27349126,463.0,5316.0,748.569
Kepler-1818 b,3.58,1.71360684,1209.0,6047.0,1034.59
Kepler-1857 b,4.5,1.96065412,946.0,6074.0,853.275
K2-184 b,2.76,1.47,533.0,5245.0,75.5857
K2-358 b,7.65,2.68,888.0,5650.0,480.307
Kepler-1963 b,0.337,0.74437023,1448.0,5726.0,492.847
Kepler-1911 b,1.01,1.011,987.0,5721.0,269.912
Kepler-1893 b,3.55,1.70557445,1194.0,5633.0,1050.72
Kepler-1964 b,3.83,1.7810587,986.0,4803.0,
KOI-4777.01,99.2,0.51,1180.0,3515.0,172.245
Kepler-1897 b,8.32,2.81407954,505.0,5165.0,983.174
Kepler-1898 b,0.76,0.93353523,1167.0,5702.0,360.921
Kepler-1967 b,0.315,0.73022577,1086.0,4970.0,249.102
TOI-871 b,3.41,1.664,621.0,4929.0,68.0473
TOI-1836 b,38.45723725,8.00321222,966.0,6380.0,191.649
Kepler-1913 b,2.92,1.51852059,818.0,6214.0,876.3
TOI-2196 b,26.0,3.51,1860.0,5634.0,259.947
Kepler-1906 b,8.13,2.77615754,901.0,5868.0,1360.63
Kepler-1907 b,0.589,0.86973029,856.0,5159.0,292.111
Kepler-1916 b,7.35,2.61757235,635.0,6246.0,2055.82
TOI-2876 b,54.03082919,9.6397234,929.0,5271.0,225.744
HIP 34222 b,263.79757781,13.9,,4050.0,22.8386
Kepler-1910 b,1.78,1.184,645.0,4234.0,
Kepler-1717 b,9.21,2.98929758,780.0,6200.0,1008.79
Kepler-1919 b,7.38,2.62390658,479.0,5513.0,1177.53
Kepler-1918 b,5.89,2.29763023,497.0,5889.0,1030.11
Kepler-1920 b,9.03,2.95415848,660.0,6277.0,885.913
HIP 86221 b,225.65816897,14.0,,,29.4898
TOI-913 b,6.59,2.4528,712.01,4969.0,65.1769
KMT-2021-BLG-0912L b,2.81,1.49,,,5560.0
Kepler-589 c,1.45,1.11727238,1098.0,5372.0,612.803
Kepler-1922 b,5.86,2.29064904,740.0,5931.0,1344.29
TOI-2211.01,3.06,1.561,1056.92,5253.0,70.2932
Kepler-1936 b,10.2,3.16615594,524.0,6501.0,871.096
Kepler-1937 b,9.39,3.0229133,1014.0,6457.0,905.069
Kepler-1927 b,11.5,3.40627075,677.0,6056.0,1091.0
Kepler-1938 b,4.0,1.82828927,527.0,4522.0,421.152
Kepler-1939 b,1.68,1.16480773,816.0,4353.0,189.833
Kepler-1940 b,3.01,1.54732469,885.0,5431.0,798.595
Kepler-1722 b,8.58,2.86719266,753.0,5506.0,772.283
TOI-286 b,4.53,1.42,979.0,5152.0,59.2293
Kepler-1942 b,5.13,2.1170287,1012.0,5834.0,842.492
Kepler-1944 b,8.05,2.75971163,801.0,5585.0,1076.48
Kepler-1930 b,2.95,1.52955541,643.0,5083.0,275.694
Kepler-1266 c,3.46,1.68023962,881.0,4996.0,849.312
Kepler-1945 b,2.21,1.289,808.0,4991.0,
Kepler-529 d,8.22,2.79502603,633.0,6078.0,799.008
YZ Cet b,0.7,0.913,471.2,3151.0,3.71207
YZ Cet c,1.14,1.05,410.3,3151.0,3.71207
Kepler-913 c,14.2,3.8580709,1357.0,6068.0,991.618
Kepler-1719 b,14.8,3.95000623,1287.0,5687.0,905.406
Kepler-1926 b,5.97,2.31495961,451.0,5256.0,667.405
Kepler-1718 b,7.12,2.5685207,345.0,5731.0,375.522
Kepler-501 c,3.47,1.68119739,1304.0,5794.0,1125.24
Kepler-1312 c,1.07,1.02732734,1659.0,5721.0,299.104
Kepler-1950 b,2.95,1.52696349,752.0,5455.0,697.253
Kepler-1951 b,6.0,2.32107188,728.0,5468.0,1277.32
Kepler-607 c,8.05,2.76001201,473.0,5244.0,519.122
Kepler-1721 b,9.9,3.11856756,924.0,5351.0,641.374
TOI-1347 c,6.4,1.6,1000.0,5464.0,147.476
Kepler-1315 c,4.06,1.84398883,777.0,4818.0,480.869
Kepler-1728 b,9.04,2.95501875,886.0,5170.0,651.783
Kepler-1705 c,5.42,2.05,,6312.0,1633.49
Kepler-1322 c,5.29,2.15492527,883.0,5704.0,1350.32
Kepler-1693 c,0.894,0.97698289,1059.0,5553.0,760.065
Kepler-1956 b,1.32,1.08940238,674.0,4391.0,360.468
Kepler-1957 b,0.79,0.94374867,1099.0,4904.0,460.899
Kepler-1711 b,4.36,1.923,669.0,5706.0,590.268
Kepler-1888 b,2.32,1.32578716,886.0,5557.0,402.947
Kepler-1959 b,1.57,1.14315727,811.0,5071.0,479.263
OGLE-2018-BLG-0532L b,6.228,2.37,,,773.0
b Cen AB b,3464.3296363,12.4,,,98.0935
Kepler-1890 b,0.587,0.86867375,1328.0,6046.0,529.596
Kepler-1892 b,4.03,1.83707938,822.0,5383.0,851.595
K2-317 b,8.91,2.93,432.0,3387.0,176.291
TOI-1467 b,9.0,1.92,506.07,3834.0,37.4418
TOI-1438 c,10.6,2.75,794.0,5230.0,110.513
K2-319 b,8.2,2.79,641.0,5440.0,209.071
HD 174205 b,1334.8793094,13.0,,4308.0,234.027
K2-322 b,4.35,1.92,635.0,4141.0,123.415
HD 106252 b,3178.28407,12.5,,5874.0,38.185
KELT-14 b,408.09372,19.537287,1970.0,5720.0,250.121
K2-324 b,6.48,2.43,707.0,3752.0,136.667
